{
  "type": "minecraft:disk",
  "config": {
    "half_height": 2,
    "radius": {
      "type": "minecraft:uniform",
        "min_inclusive": 4,
        "max_inclusive": 5
    },
    "state_provider": {
      "fallback": {
        "type": "minecraft:simple_state_provider",
        "state": {
          "Name": "minecraft:dripstone_block"
        }
      },
      "rules": []
    },
    "target": {
      "type": "minecraft:matching_blocks",
      "blocks": [
        "minecraft:sand",
        "minecraft:gravel",
        "minecraft:clay"
      ]
    }
  }
}
