{
    "type": "minecraft:random_patch",
    "config": {
      "feature": {
        "feature": {
          "type": "minecraft:simple_block",
          "config": {
            "to_place": {
              "type": "minecraft:weighted_state_provider",
              "entries": [
                {
                  "data": {
                    "Name": "minecraft:seagrass"
                  },
                  "weight": 9
                },
                {
                  "data": {
                    "Name": "minecraft:sea_pickle",
                    "Properties": {
                      "pickles": "1"
                    }
                  },
                  "weight": 2
                },
                {
                  "data": {
                    "Name": "minecraft:sea_pickle",
                    "Properties": {
                      "pickles": "2"
                    }
                  },
                  "weight": 2
                },
                {
                  "data": {
                    "Name": "minecraft:oak_leaves",
                    "Properties": {
                      "distance": "7",
                      "persistent": "true",
                      "waterlogged": "true"
                    }
                  },
                  "weight": 2
                }
              ]
            }
          }
        },
        "placement": [
          {
            "type": "minecraft:block_predicate_filter",
            "predicate": {
              "type": "minecraft:all_of",
              "predicates": [
                {
                  "type": "minecraft:matching_blocks",
                  "blocks": "minecraft:water"
                },
                {
                  "type": "minecraft:matching_blocks",
                  "blocks": [
                    "minecraft:grass_block",
                    "minecraft:moss_block",
                    "minecraft:dirt",
                    "minecraft:coarse_dirt",
                    "minecraft:rooted_dirt"
                  ],
                  "offset": [
                    0,
                    -1,
                    0
                  ]
                }
              ]
            }
          }
        ]
      },
      "tries": 90,
      "xz_spread": 6,
      "y_spread": 2
    }
  }
  