{
  "type": "minecraft:chest",
  "random_sequence": "odyssey:vault/shadow_chambers/common",
  "pools": [
    {
      "bonus_rolls": 1.0,
      "rolls": 3.0,
      "entries": [
        {
          "type": "minecraft:item",
          "name": "minecraft:diamond",
          "functions": [
            {
              "add": false,
              "count": {
                "type": "minecraft:uniform",
                "max": 5.0,
                "min": 2.0
              },
              "function": "minecraft:set_count"
            }
          ],
          "weight": 12
        },
        {
          "type": "minecraft:item",
          "name": "minecraft:emerald_block",
          "functions": [],
          "weight": 7
        },
        {
          "type": "minecraft:item",
          "name": "minecraft:gold_block",
          "functions": [],
          "weight": 5
        },
        {
          "type": "minecraft:item",
          "name": "minecraft:book",
          "functions": [
            {
              "function": "set_components",
              "components": {
                "minecraft:custom_model_data": 6906000,
                "minecraft:item_name": "blank_tome"
              },
              "conditions": []
            },
            {
              "function": "minecraft:set_name",
              "entity": "this",
              "name": {
                "text": "Blank Tome",
                "bold": false,
                "italic": false
              }
            },
            {
              "add": false,
              "count": {
                "type": "minecraft:uniform",
                "max": 4.0,
                "min": 2.0
              },
              "function": "minecraft:set_count"
            }
          ],
          "weight": 4
        },
        {
          "type": "minecraft:item",
          "name": "minecraft:emerald",
          "functions": [
            {
              "function": "set_components",
              "components": {
                "minecraft:custom_model_data": 6905106,
                "minecraft:item_name": "ruby"
              },
              "conditions": []
            },
            {
              "function": "minecraft:set_name",
              "entity": "this",
              "name": {
                "text": "Ruby",
                "bold": false,
                "italic": false
              }
            },
            {
              "add": false,
              "count": {
                "type": "minecraft:uniform",
                "max": 5.0,
                "min": 2.0
              },
              "function": "minecraft:set_count"
            }
          ]
        },
        {
          "type": "minecraft:item",
          "name": "minecraft:emerald",
          "functions": [
            {
              "function": "set_components",
              "components": {
                "minecraft:custom_model_data": 6905107,
                "minecraft:item_name": "jade"
              },
              "conditions": []
            },
            {
              "function": "minecraft:set_name",
              "entity": "this",
              "name": {
                "text": "Jade",
                "bold": false,
                "italic": false
              }
            },
            {
              "add": false,
              "count": {
                "type": "minecraft:uniform",
                "max": 5.0,
                "min": 2.0
              },
              "function": "minecraft:set_count"
            }
          ]
        },
        {
          "type": "minecraft:item",
          "name": "minecraft:emerald",
          "functions": [
            {
              "function": "set_components",
              "components": {
                "minecraft:custom_model_data": 6905108,
                "minecraft:item_name": "kunzite"
              },
              "conditions": []
            },
            {
              "function": "minecraft:set_name",
              "entity": "this",
              "name": {
                "text": "Kunzite",
                "bold": false,
                "italic": false
              }
            },
            {
              "add": false,
              "count": {
                "type": "minecraft:uniform",
                "max": 5.0,
                "min": 2.0
              },
              "function": "minecraft:set_count"
            }
          ]
        },
        {
          "type": "minecraft:item",
          "name": "minecraft:emerald",
          "functions": [
            {
              "function": "set_components",
              "components": {
                "minecraft:custom_model_data": 6905109,
                "minecraft:item_name": "alexandrite"
              },
              "conditions": []
            },
            {
              "function": "minecraft:set_name",
              "entity": "this",
              "name": {
                "text": "Alexandrite",
                "bold": false,
                "italic": false
              }
            },
            {
              "add": false,
              "count": {
                "type": "minecraft:uniform",
                "max": 5.0,
                "min": 2.0
              },
              "function": "minecraft:set_count"
            }
          ]
        },
        {
          "type": "minecraft:item",
          "name": "minecraft:totem_of_undying",
          "functions": [],
          "weight": 3
        },
        {
          "type": "minecraft:item",
          "name": "minecraft:brick",
          "functions": [
            {
              "function": "set_components",
              "components": {
                "minecraft:custom_model_data": 6905632
              },
              "conditions": []
            }
          ],
          "weight": 2
        },
        {
          "type": "minecraft:item",
          "name": "minecraft:heavy_core",
          "functions": [],
          "weight": 1
        },
        {
          "type": "minecraft:item",
          "name": "minecraft:diamond_block",
          "functions": [],
          "weight": 1
        },
        {
          "type": "minecraft:item",
          "name": "minecraft:nautilus_shell",
          "functions": [
            {
              "add": false,
              "count": {
                "type": "minecraft:uniform",
                "max": 3.0,
                "min": 1.0
              },
              "function": "minecraft:set_count"
            }
          ],
          "weight": 1
        },
        {
          "type": "minecraft:item",
          "functions": [
            {
              "function": "minecraft:enchant_with_levels",
              "levels": {
                "type": "minecraft:uniform",
                "max": 45.0,
                "min": 29.0
              },
              "options": "#minecraft:on_random_loot"
            }
          ],
          "name": "minecraft:diamond_sword",
          "weight": 2
        },
        {
          "type": "minecraft:item",
          "functions": [
            {
              "function": "minecraft:enchant_with_levels",
              "levels": {
                "type": "minecraft:uniform",
                "max": 45.0,
                "min": 29.0
              },
              "options": "#minecraft:on_random_loot"
            }
          ],
          "name": "minecraft:diamond_boots",
          "weight": 2
        },
        {
          "type": "minecraft:item",
          "functions": [
            {
              "function": "minecraft:enchant_with_levels",
              "levels": {
                "type": "minecraft:uniform",
                "max": 45.0,
                "min": 29.0
              },
              "options": "#minecraft:on_random_loot"
            }
          ],
          "name": "minecraft:diamond_chestplate",
          "weight": 2
        },
        {
          "type": "minecraft:item",
          "functions": [
            {
              "function": "minecraft:enchant_with_levels",
              "levels": {
                "type": "minecraft:uniform",
                "max": 45.0,
                "min": 29.0
              },
              "options": "#minecraft:on_random_loot"
            }
          ],
          "name": "minecraft:diamond_leggings",
          "weight": 2
        },
        {
          "type": "minecraft:item",
          "functions": [
            {
              "function": "minecraft:enchant_with_levels",
              "levels": {
                "type": "minecraft:uniform",
                "max": 45.0,
                "min": 29.0
              },
              "options": "#minecraft:on_random_loot"
            }
          ],
          "name": "minecraft:diamond_helmet",
          "weight": 2
        },
        {
          "type": "minecraft:item",
          "functions": [
            {
              "function": "minecraft:enchant_with_levels",
              "levels": {
                "type": "minecraft:uniform",
                "max": 45.0,
                "min": 29.0
              },
              "options": "#minecraft:on_random_loot"
            }
          ],
          "name": "minecraft:diamond_pickaxe",
          "weight": 2
        },
        {
          "type": "minecraft:item",
          "functions": [
            {
              "function": "minecraft:enchant_with_levels",
              "levels": {
                "type": "minecraft:uniform",
                "max": 45.0,
                "min": 29.0
              },
              "options": "#minecraft:on_random_loot"
            }
          ],
          "name": "minecraft:diamond_shovel",
          "weight": 2
        },
        {
          "type": "minecraft:item",
          "name": "minecraft:paper",
          "functions": [
            {
              "function": "set_components",
              "components": {
                "minecraft:custom_model_data": 6906503,
                "minecraft:item_name": "imperial_armor_trim_smithing_template"
              },
              "conditions": []
            },
            {
              "function": "minecraft:set_name",
              "entity": "this",
              "name": {
                "text": "Smithing Template",
                "bold": false,
                "italic": false
              }
            }
          ],
          "weight": 1
        },
        {
          "type": "minecraft:item",
          "name": "minecraft:iron_ingot",
          "functions": [
            {
              "function": "set_components",
              "components": {
                "minecraft:custom_model_data": 6906777,
                "minecraft:item_name": "mithril_ingot"
              },
              "conditions": []
            },
            {
              "function": "minecraft:set_name",
              "entity": "this",
              "name": {
                "text": "Mithril Ingot",
                "bold": false,
                "italic": false
              }
            }
          ],
          "weight": 1
        }
      ]
    }
  ]
}
