{
  "type": "minecraft:chest",
  "random_sequence": "odyssey:vault/shadow_chambers/common",
  "pools": [
    {
      "bonus_rolls": 1.0,
      "rolls": 6.0,
      "entries": [
        {
          "type": "minecraft:loot_table",
          "value": "odyssey:loot/exotic_weapon",
          "weight": 1
        },
        {
          "type": "minecraft:item",
          "name": "minecraft:heavy_core",
          "functions": [],
          "weight": 1
        },
        {
          "type": "minecraft:item",
          "name": "minecraft:enchanted_golden_apple",
          "functions": [],
          "weight": 1
        },
        {
          "type": "minecraft:item",
          "name": "minecraft:paper",
          "functions": [
            {
              "function": "set_components",
              "components": {
                "minecraft:custom_model_data": 6906503,
                "minecraft:item_name": "imperial_armor_trim_smithing_template"
              },
              "conditions": []
            },
            {
              "function": "minecraft:set_name",
              "entity": "this",
              "name": {
                "text": "Smithing Template",
                "bold": false,
                "italic": false
              }
            }
          ],
          "weight": 1
        },
        {
          "type": "minecraft:item",
          "name": "minecraft:iron_ingot",
          "functions": [
            {
              "function": "set_components",
              "components": {
                "minecraft:custom_model_data": 6906777,
                "minecraft:item_name": "mithril_ingot"
              },
              "conditions": []
            },
            {
              "function": "minecraft:set_name",
              "entity": "this",
              "name": {
                "text": "Mithril Ingot",
                "bold": false,
                "italic": false
              }
            },
            {
              "add": false,
              "count": {
                "type": "minecraft:uniform",
                "max": 4.0,
                "min": 2.0
              },
              "function": "minecraft:set_count"
            }
          ],
          "weight": 1
        },
        {
          "type": "minecraft:item",
          "name": "minecraft:diamond_block",
          "functions": [
            {
              "add": false,
              "count": {
                "type": "minecraft:uniform",
                "max": 2.0,
                "min": 1.0
              },
              "function": "minecraft:set_count"
            }
          ],
          "weight": 1
        }
      ]
    }
  ]
}
