{
  "type": "minecraft:chest",
  "random_sequence": "odyssey:vault/shadow_chambers/common",
  "pools": [
    {
      "bonus_rolls": 1.0,
      "rolls": 5.0,
      "entries": [
        {
          "type": "minecraft:item",
          "name": "minecraft:diamond",
          "functions": [
            {
              "add": false,
              "count": {
                "type": "minecraft:uniform",
                "max": 9.0,
                "min": 4.0
              },
              "function": "minecraft:set_count"
            }
          ],
          "weight": 8
        },
        {
          "type": "minecraft:loot_table",
          "value": "odyssey:item/silver_ingot",
          "functions": [
            {
              "add": false,
              "count": {
                "type": "minecraft:uniform",
                "max": 5.0,
                "min": 2.0
              },
              "function": "minecraft:set_count"
            }
          ],
          "weight": 4
        },
        {
          "type": "minecraft:loot_table",
          "value": "odyssey:item/titanium_ingot",
          "functions": [
            {
              "add": false,
              "count": {
                "type": "minecraft:uniform",
                "max": 4.0,
                "min": 2.0
              },
              "function": "minecraft:set_count"
            }
          ],
          "weight": 3
        },
        {
          "type": "minecraft:loot_table",
          "value": "odyssey:item/imperial_armor_trim_smithing_template",
          "weight": 2
        },
        {
          "type": "minecraft:loot_table",
          "value": "odyssey:item/blank_tome",
          "functions": [
            {
              "add": false,
              "count": {
                "type": "minecraft:uniform",
                "max": 4.0,
                "min": 2.0
              },
              "function": "minecraft:set_count"
            }
          ],
          "weight": 2
        },
        {
          "type": "minecraft:loot_table",
          "value": "odyssey:item/iridium_ingot",
          "functions": [
            {
              "add": false,
              "count": {
                "type": "minecraft:uniform",
                "max": 2.0,
                "min": 1.0
              },
              "function": "minecraft:set_count"
            }
          ],
          "weight": 2
        },
        {
          "type": "minecraft:loot_table",
          "value": "odyssey:item/mithril_ingot",
          "functions": [
            {
              "add": false,
              "count": {
                "type": "minecraft:uniform",
                "max": 2.0,
                "min": 1.0
              },
              "function": "minecraft:set_count"
            }
          ],
          "weight": 2
        },
        {
          "type": "minecraft:item",
          "name": "minecraft:diamond_block",
          "functions": [],
          "weight": 2
        },
        {
          "type": "minecraft:item",
          "functions": [
            {
              "function": "minecraft:enchant_with_levels",
              "levels": {
                "type": "minecraft:uniform",
                "max": 45.0,
                "min": 29.0
              },
              "options": "#minecraft:on_random_loot"
            }
          ],
          "name": "minecraft:diamond_sword",
          "weight": 2
        },
        {
          "type": "minecraft:item",
          "functions": [
            {
              "function": "minecraft:enchant_with_levels",
              "levels": {
                "type": "minecraft:uniform",
                "max": 45.0,
                "min": 29.0
              },
              "options": "#minecraft:on_random_loot"
            }
          ],
          "name": "minecraft:diamond_boots",
          "weight": 2
        },
        {
          "type": "minecraft:item",
          "functions": [
            {
              "function": "minecraft:enchant_with_levels",
              "levels": {
                "type": "minecraft:uniform",
                "max": 45.0,
                "min": 29.0
              },
              "options": "#minecraft:on_random_loot"
            }
          ],
          "name": "minecraft:diamond_chestplate",
          "weight": 2
        },
        {
          "type": "minecraft:item",
          "functions": [
            {
              "function": "minecraft:enchant_with_levels",
              "levels": {
                "type": "minecraft:uniform",
                "max": 45.0,
                "min": 29.0
              },
              "options": "#minecraft:on_random_loot"
            }
          ],
          "name": "minecraft:diamond_leggings",
          "weight": 2
        },
        {
          "type": "minecraft:item",
          "functions": [
            {
              "function": "minecraft:enchant_with_levels",
              "levels": {
                "type": "minecraft:uniform",
                "max": 45.0,
                "min": 29.0
              },
              "options": "#minecraft:on_random_loot"
            }
          ],
          "name": "minecraft:diamond_helmet",
          "weight": 2
        },
        {
          "type": "minecraft:item",
          "functions": [
            {
              "function": "minecraft:enchant_with_levels",
              "levels": {
                "type": "minecraft:uniform",
                "max": 45.0,
                "min": 29.0
              },
              "options": "#minecraft:on_random_loot"
            }
          ],
          "name": "minecraft:diamond_pickaxe",
          "weight": 2
        },
        {
          "type": "minecraft:item",
          "functions": [
            {
              "function": "minecraft:enchant_with_levels",
              "levels": {
                "type": "minecraft:uniform",
                "max": 45.0,
                "min": 29.0
              },
              "options": "#minecraft:on_random_loot"
            }
          ],
          "name": "minecraft:diamond_axe",
          "weight": 2
        },
        {
          "type": "minecraft:item",
          "functions": [
            {
              "function": "minecraft:enchant_with_levels",
              "levels": {
                "type": "minecraft:uniform",
                "max": 45.0,
                "min": 29.0
              },
              "options": "#minecraft:on_random_loot"
            }
          ],
          "name": "minecraft:diamond_shovel",
          "weight": 2
        },
        {
          "type": "minecraft:item",
          "name": "minecraft:enchanted_golden_apple",
          "functions": [],
          "weight": 1
        }
      ]
    }
  ]
}
