{
  "pools": [
    {
      "bonus_rolls": 0.0,
      "entries": [
        {
          "type": "minecraft:item",
          "name": "minecraft:iron_sword",
          "functions": [
            {
              "function": "set_components",
              "components": {
                "minecraft:custom_model_data": 6909602,
                "minecraft:item_name": "abzu_blade",
                "minecraft:rarity": "epic",
                "minecraft:max_damage": 3109
              },
              "conditions": []
            },
            {
              "function": "minecraft:set_custom_data",
              "tag": {
                "PublicBukkitValues": {
                  "odyssey:odyssey.weapon_type": "claymore"
                }
              }
            },
            {
              "function": "minecraft:set_name",
              "entity": "this",
              "name": {
                "text": "Abzu Blade",
                "bold": false,
                "italic": false
              }
            },
            {
              "function": "minecraft:set_attributes",
              "modifiers": [
                {
                  "attribute": "minecraft:generic.attack_damage",
                  "operation": "add_value",
                  "amount": 21.0,
                  "id": "odyssey:item.base_attack_damage",
                  "slot": "mainhand"
                },
                {
                  "attribute": "minecraft:generic.attack_speed",
                  "operation": "add_value",
                  "amount": -4.0,
                  "id": "odyssey:item.reset_attack_speed",
                  "slot": "mainhand"
                },
                {
                  "attribute": "minecraft:generic.attack_speed",
                  "operation": "add_value",
                  "amount": 0.8,
                  "id": "odyssey:item.base_attack_speed",
                  "slot": "mainhand"
                },
                {
                  "attribute": "minecraft:player.entity_interaction_range",
                  "operation": "add_value",
                  "amount": 0.7,
                  "id": "odyssey:item.base_entity_range",
                  "slot": "mainhand"
                }
              ]
            },
            {
              "function": "minecraft:set_enchantments",
              "enchantments": {
                "odyssey:vengeful": 5
              }
            }
          ],
          "weight": 1
        }
      ],
      "rolls": 1.0
    }
  ]
}
