{
  "pools": [
    {
      "bonus_rolls": 0.0,
      "entries": [
        {
          "type": "minecraft:item",
          "name": "minecraft:iron_sword",
          "functions": [
            {
              "function": "set_components",
              "components": {
                "minecraft:custom_model_data": 6909600,
                "minecraft:item_name": "knight_breaker",
                "minecraft:rarity": "epic",
                "minecraft:max_damage": 1009
              },
              "conditions": []
            },
            {
              "function": "minecraft:set_custom_data",
              "tag": {
                "PublicBukkitValues": {
                  "odyssey:odyssey.weapon_type": "dagger"
                }
              }
            },
            {
              "function": "minecraft:set_name",
              "entity": "this",
              "name": {
                "text": "Knight Breaker",
                "bold": false,
                "italic": false
              }
            },
            {
              "function": "minecraft:set_attributes",
              "modifiers": [
                {
                  "attribute": "minecraft:generic.attack_damage",
                  "operation": "add_value",
                  "amount": 9.0,
                  "id": "odyssey:item.base_attack_damage",
                  "slot": "mainhand"
                },
                {
                  "attribute": "minecraft:generic.attack_speed",
                  "operation": "add_value",
                  "amount": -4.0,
                  "id": "odyssey:item.reset_attack_speed",
                  "slot": "mainhand"
                },
                {
                  "attribute": "minecraft:generic.attack_speed",
                  "operation": "add_value",
                  "amount": 3.0,
                  "id": "odyssey:item.base_attack_speed",
                  "slot": "mainhand"
                },
                {
                  "attribute": "minecraft:player.entity_interaction_range",
                  "operation": "add_value",
                  "amount": -0.1,
                  "id": "odyssey:item.base_entity_range",
                  "slot": "mainhand"
                }
              ]
            },
            {
              "function": "minecraft:set_enchantments",
              "enchantments": {
                "odyssey:rupture": 5
              }
            }
          ],
          "weight": 1
        }
      ],
      "rolls": 1.0
    }
  ]
}
