{
  "type": "minecraft:random_patch",
  "config": {
    "feature": {
      "feature": {
        "type": "minecraft:simple_block",
        "config": {
          "to_place": {
            "type": "minecraft:weighted_state_provider",
            "entries": [
              {
                "data": {
                  "Name": "minecraft:grass"
                },
                "weight": 7
              },
              {
                "data": {
                  "Name": "minecraft:lilac"
                },
                "weight": 2
              },
              {
                "data": {
                  "Name": "minecraft:tall_grass"
                },
                "weight": 3
              },
              {
                "data": {
                  "Name": "minecraft:oak_leaves",
                  "Properties": {
                    "distance": "7",
                    "persistent": "true",
                    "waterlogged": "false"
                  }
                },
                "weight": 2
              }
            ]
          }
        }
      },
      "placement": [
        {
          "type": "minecraft:block_predicate_filter",
          "predicate": {
            "type": "minecraft:all_of",
            "predicates": [
              {
                "type": "minecraft:matching_blocks",
                "blocks": "minecraft:air"
              },
              {
                "type": "minecraft:matching_blocks",
                "blocks": [
                  "minecraft:grass_block",
                  "minecraft:moss_block",
                  "minecraft:dirt",
                  "minecraft:coarse_dirt",
                  "minecraft:rooted_dirt"
                ],
                "offset": [
                  0,
                  -1,
                  0
                ]
              }
            ]
          }
        }
      ]
    },
    "tries": 80,
    "xz_spread": 7,
    "y_spread": 1
  }
}
