{
    "type": "minecraft:tree",
    "config": {
      "decorators": [
        {
          "type": "minecraft:attached_to_leaves",
          "probability": 0.12,
          "exclusion_radius_xz": 0,
          "exclusion_radius_y": 0,
          "required_empty_blocks": 1,
          "block_provider": {
            "type": "minecraft:simple_state_provider",
            "state": {
              "Name": "minecraft:flowering_azalea_leaves",
              "Properties": {
                "persistent": "false",
                "distance": "7"
              }
            }
          },
          "directions": [
            "down"
          ]
        }
      ],
      "force_dirt": false,
      "ignore_vines": true,
      "minimum_size": {
        "type": "minecraft:two_layers_feature_size",
        "limit": 1,
        "lower_size": 0,
        "upper_size": 2
      },
      "dirt_provider": {
        "type": "minecraft:simple_state_provider",
        "state": {
          "Name": "minecraft:rooted_dirt"
        }
      },
      "trunk_provider": {
        "type": "minecraft:simple_state_provider",
        "state": {
          "Name": "minecraft:stripped_birch_wood",
          "Properties": {
            "axis": "y"
          }
        }
      },
      "trunk_placer": {
        "type": "minecraft:forking_trunk_placer",
        "base_height": 5,
        "height_rand_a": 3,
        "height_rand_b": 6
      },
      "foliage_provider": {
        "type": "minecraft:weighted_state_provider",
        "entries": [
          {
            "data": {
              "Name": "minecraft:azalea_leaves",
              "Properties": {
                "distance": "7",
                "persistent": "false",
                "waterlogged": "false"
              }
            },
            "weight": 11
          },
          {
            "data": {
              "Name": "minecraft:flowering_azalea_leaves",
              "Properties": {
                "distance": "7",
                "persistent": "false",
                "waterlogged": "false"
              }
            },
            "weight": 6
          }
        ]
      },
      "foliage_placer": {
        "type": "minecraft:cherry_foliage_placer",
        "corner_hole_chance": 0.6,
        "hanging_leaves_chance": 0.75,
        "hanging_leaves_extension_chance": 0.5,
        "height": 4,
        "offset": 1,
        "radius": 3,
        "wide_bottom_layer_hole_chance": 0.25
      }
    }
  }
  