{
    "feature": "odyssey:redwood/sequoia_top",
    "placement": [
      {
        "type": "minecraft:count",
        "count": 256
      },
      {
        "type": "minecraft:in_square"
      },
      {
        "type": "heightmap",
        "heightmap": "MOTION_BLOCKING_NO_LEAVES"
      },
      {
        "type": "minecraft:block_predicate_filter",
        "predicate": {
          "type": "minecraft:matching_blocks",
          "offset": [
            0, 
            -1, 
            0
          ],
          "blocks": [
            "minecraft:stripped_acacia_log"
          ]
        }
      }
    ]
  }
  