{
  "feature": "odyssey:redwood/tree_cores",
  "placement": [
    {
      "type": "minecraft:count",
      "count": {
        "type": "minecraft:uniform",
          "value": {
            "min_inclusive": 1,
            "max_inclusive": 1
          }
      }
    },
    {
      "type": "minecraft:in_square"
    },
    {
      "type": "heightmap",
      "heightmap": "WORLD_SURFACE_WG"
    },
    {
      "type": "minecraft:block_predicate_filter",
      "predicate": {
        "type": "minecraft:matching_blocks",
        "offset": [
          0, 
          -1, 
          0
        ],
        "blocks": [
          "minecraft:grass_block",
          "minecraft:dirt",
          "minecraft:coarse_dirt",
          "minecraft:podzol"
        ]
      }
    }
  ]
}
