{
	"feature": "odyssey:redwood/trees",
	"placement": [
		{
			"type": "count",
			"count": 2
		},
		{
			"type": "minecraft:in_square"
		},
		{
			"type": "heightmap",
			"heightmap": "WORLD_SURFACE_WG"
		},
		{
			"type": "minecraft:block_predicate_filter",
			"predicate": {
				"type": "minecraft:matching_blocks",
				"offset": [
					0,
					-1,
					0
				],
				"blocks": [
					"minecraft:grass_block",
                    "minecraft:dirt",
                    "minecraft:coarse_dirt",
                    "minecraft:podzol"
				]
			}
		},
		{
			"type": "minecraft:biome"
		}
	]
}
