{
  "type": "minecraft:chest",
  "random_sequence": "odyssey:chests/sunken_library/books/tomes",
  "pools": [
    {
      "bonus_rolls": 1.0,
      "entries": [
        {
          "type": "minecraft:loot_table",
          "value": "odyssey:item/tome_of_discharge",
          "weight": 5
        },
        {
          "type": "minecraft:loot_table",
          "value": "odyssey:item/tome_of_promotion",
          "weight": 5
        },
        {
          "type": "minecraft:loot_table",
          "value": "odyssey:item/tome_of_expenditure",
          "weight": 5
        },
        {
          "type": "minecraft:loot_table",
          "value": "odyssey:item/tome_of_imitation",
          "weight": 5
        },
        {
          "type": "minecraft:loot_table",
          "value": "odyssey:item/tome_of_extraction",
          "weight": 1
        },
        {
          "type": "minecraft:loot_table",
          "value": "odyssey:item/tome_of_replication",
          "weight": 1
        }
      ],
      "rolls": {
        "type": "minecraft:uniform",
        "max": 3.0,
        "min": 2.0
      }
    },
    {
      "bonus_rolls": 0.0,
      "entries": [
        {
          "type": "minecraft:loot_table",
          "value": "odyssey:item/arcane_book",
          "functions": [
            {
              "add": false,
              "count": {
                "type": "minecraft:uniform",
                "max": 5.0,
                "min": 3.0
              },
              "function": "minecraft:set_count"
            }
          ],
          "weight": 5
        },
        {
          "type": "minecraft:loot_table",
          "value": "odyssey:item/blank_tome",
          "functions": [
            {
              "add": false,
              "count": {
                "type": "minecraft:uniform",
                "max": 5.0,
                "min": 3.0
              },
              "function": "minecraft:set_count"
            }
          ],
          "weight": 10
        },
        {
          "type": "minecraft:loot_table",
          "value": "odyssey:item/tome_of_extraction",
          "weight": 1
        },
        {
          "type": "minecraft:loot_table",
          "value": "odyssey:item/tome_of_replication",
          "weight": 1
        }
      ],
      "rolls": 1.0
    }
  ]
}
