{
  "type": "minecraft:chest",
  "random_sequence": "odyssey:chests/shadow_chambers/books",
  "pools": [
    {
      "bonus_rolls": 1.0,
      "entries": [
        {
          "type": "minecraft:item",
          "functions": [
            {
              "function": "minecraft:enchant_with_levels",
              "levels": 37.0,
              "options": "#minecraft:on_random_loot"
            }
          ],
          "name": "minecraft:book",
          "weight": 20
        },
        {
          "type": "minecraft:item",
          "functions": [
            {
              "add": false,
              "count": {
                "type": "minecraft:uniform",
                "max": 10.0,
                "min": 7.0
              },
              "function": "minecraft:set_count"
            }
          ],
          "name": "minecraft:paper",
          "weight": 15
        },
        {
          "type": "minecraft:item",
          "functions": [
            {
              "add": false,
              "count": {
                "type": "minecraft:uniform",
                "max": 8.0,
                "min": 4.0
              },
              "function": "minecraft:set_count"
            }
          ],
          "name": "minecraft:book",
          "weight": 15
        },
        {
          "type": "minecraft:item",
          "functions": [
            {
              "function": "minecraft:enchant_with_levels",
              "levels": 44.0,
              "options": "#minecraft:on_random_loot"
            }
          ],
          "name": "minecraft:book",
          "weight": 5
        },
        {
          "type": "minecraft:item",
          "functions": [
            {
              "function": "minecraft:enchant_with_levels",
              "levels": 50.0,
              "options": "#minecraft:on_random_loot"
            }
          ],
          "name": "minecraft:book",
          "weight": 3
        },
        {
          "type": "minecraft:item",
          "functions": [
            {
              "function": "minecraft:enchant_randomly",
              "options": "odyssey:fealty"
            }
          ],
          "name": "minecraft:book",
          "weight": 3
        }
      ],
      "rolls": {
        "type": "minecraft:uniform",
        "max": 5.0,
        "min": 3.0
      }
    },
    {
      "bonus_rolls": 0.0,
      "entries": [
        {
          "type": "minecraft:loot_table",
          "value": "odyssey:item/blank_tome",
          "functions": [
            {
              "add": false,
              "count": {
                "type": "minecraft:uniform",
                "max": 4.0,
                "min": 2.0
              },
              "function": "minecraft:set_count"
            }
          ],
          "weight": 1
        }
      ],
      "rolls": 1.0
    }
  ]
}
