{
  "type": "random_patch",
  "config": {
    "feature": {
      "feature": {
        "type": "minecraft:block_column",
        "config": {
          "direction": "up",
          "prioritize_tip": false,
          "allowed_placement": {
            "type": "minecraft:all_of",
            "predicates": [
              {
                "type": "minecraft:matching_blocks",
                "blocks": "minecraft:air"
              }
            ]
          },
          "layers": [
            {
              "height": 15,
              "provider": {
                "type": "minecraft:simple_state_provider",
                "state": {
                  "Name": "minecraft:spruce_log",
                  "Properties": {
                    "axis": "y"
                  }
                }
              }
            }
          ]
        }
      },
      "placement": [
        {
          "type": "minecraft:block_predicate_filter",
          "predicate": {
            "type": "any_of",
            "predicates": [
              {
                "type": "minecraft:matching_blocks",
                "blocks": "minecraft:spruce_log",
                "offset": [
                  1,
                  0,
                  0
                ]
              },
              {
                "type": "minecraft:matching_blocks",
                "blocks": "minecraft:spruce_log",
                "offset": [
                  -1,
                  0,
                  0
                ]
              },
              {
                "type": "minecraft:matching_blocks",
                "blocks": "minecraft:spruce_log",
                "offset": [
                  0,
                  0,
                  1
                ]
              },
              {
                "type": "minecraft:matching_blocks",
                "blocks": "minecraft:spruce_log",
                "offset": [
                  0,
                  0,
                  -1
                ]
              },
              {
                "type": "minecraft:matching_blocks",
                "blocks": "minecraft:spruce_log",
                "offset": [
                  0,
                  -1,
                  0
                ]
              }
            ]
          }
        }
      ]
    },
    "tries": 8,
    "xz_spread": 1,
    "y_spread": 1
  }
}
