{
  "type": "minecraft:geode",
  "config": {
    "blocks": {
      "alternate_inner_layer_provider": {
        "type": "minecraft:simple_state_provider",
        "state": {
          "Name": "minecraft:deepslate_diamond_ore"
        }
      },
      "cannot_replace": "#minecraft:features_cannot_replace",
      "filling_provider": {
        "type": "minecraft:simple_state_provider",
        "state": {
          "Name": "minecraft:water"
        }
      },
      "inner_layer_provider": {
        "type": "minecraft:weighted_state_provider",
        "entries": [
          {
            "data": {
              "Name": "minecraft:cobbled_deepslate"
            },
            "weight": 6
          },
          {
            "data": {
              "Name": "minecraft:prismarine"
            },
            "weight": 3
          }
        ]
      },
      "inner_placements": [
        {
          "Name": "minecraft:tube_coral_fan",
          "Properties": {
            "facing": "up",
            "waterlogged": "true"
          }
        },
        {
          "Name": "minecraft:tube_coral_fan",
          "Properties": {
            "facing": "up",
            "waterlogged": "true"
          }
        }
      ],
      "invalid_blocks": "#minecraft:geode_invalid_blocks",
      "middle_layer_provider": {
        "type": "minecraft:simple_state_provider",
        "state": {
          "Name": "minecraft:prismarine"
        }
      },
      "outer_layer_provider": {
        "type": "minecraft:simple_state_provider",
        "state": {
          "Name": "minecraft:smooth_basalt"
        }
      }
    },
    "crack": {
      "base_crack_size": 2.0,
      "crack_point_offset": 2,
      "generate_crack_chance": 0.95
    },
    "distribution_points": {
      "type": "minecraft:uniform",

      "max_inclusive": 4,
      "min_inclusive": 3
    },
    "invalid_blocks_threshold": 1,
    "layers": {
      "filling": 1.7,
      "inner_layer": 2.2,
      "middle_layer": 3.2,
      "outer_layer": 4.2
    },
    "max_gen_offset": 16,
    "min_gen_offset": -16,
    "noise_multiplier": 0.05,
    "outer_wall_distance": {
      "type": "minecraft:uniform",

      "max_inclusive": 6,
      "min_inclusive": 4
    },
    "placements_require_layer0_alternate": true,
    "point_offset": {
      "type": "minecraft:uniform",

      "max_inclusive": 2,
      "min_inclusive": 1
    },
    "use_alternate_layer0_chance": 0.1066,
    "use_potential_placements_chance": 0.35
  }
}
