{
    "type": "minecraft:disk",
    "config": {
      "half_height": 3,
      "radius": {
        "type": "minecraft:uniform",
       
          "max_inclusive": 6,
          "min_inclusive": 5
        
      },
      "state_provider": {
        "fallback": {
          "type": "minecraft:simple_state_provider",
          "state": {
            "Name": "minecraft:blackstone"
          }
        },
        "rules": []
      },
      "target": {
        "type": "minecraft:matching_blocks",
        "blocks": [
          "minecraft:dirt",
          "minecraft:grass_block"
        ]
      }
    }
  }