{
    "type": "minecraft:random_selector",
    "config": {
      "features": [],
      "default": {
        "feature": {
          "type": "minecraft:disk",
          "config": {
            "half_height": 3,
            "radius": {
              "type": "minecraft:biased_to_bottom",
              
                "min_inclusive": 3,
                "max_inclusive": 5
              
            },
            "state_provider": {
              "fallback": {
                "type": "minecraft:simple_state_provider",
                "state": {
                  "Name": "minecraft:tuff"
                }
              },
              "rules": []
            },
            "target": {
              "type": "minecraft:matching_blocks",
              "blocks": [
                "minecraft:dirt",
                "minecraft:grass_block"
              ]
            }
          }
        },
        "placement": [
          {
            "type": "minecraft:block_predicate_filter",
            "predicate": {
              "type": "minecraft:matching_fluids",
              "fluids": "minecraft:water"
            }
          }
        ]
      }
    }
  }
  