{
    "type": "minecraft:block_column",
    "config": {
      "direction": "west",
      "prioritize_tip": true,
      "allowed_placement": {
        "type": "minecraft:matching_blocks",
        "blocks": "minecraft:air"
      },   
      "layers": [
        {
          "height": {
            "type": "uniform",
            
              "max_inclusive": 7,
              "min_inclusive": 4
            
          },
          "provider": {
            "type": "minecraft:simple_state_provider",
            "state": {
              "Name": "minecraft:spruce_log",
              "Properties": {
                "axis": "x"
              }
            }
          }
        }
      ]
    }
  }
  