{
    "type": "minecraft:random_patch",
    "config": {
      "feature": {
        "feature": {
          "type": "minecraft:simple_block",
          "config": {
            "to_place": {
              "type": "minecraft:weighted_state_provider",
              "entries": [
                {
                  "data": {
                    "Name": "minecraft:short_grass"
                  },
                  "weight": 6
                },
                {
                  "data": {
                    "Name": "minecraft:large_fern"
                  },
                  "weight": 2
                },
                {
                  "data": {
                    "Name": "minecraft:tall_grass"
                  },
                  "weight": 2
                },
                {
                  "data": {
                    "Name": "minecraft:fern"
                  },
                  "weight": 3
                }
              ]
            }
          }
        },
        "placement": [
          {
            "type": "minecraft:block_predicate_filter",
            "predicate": {
              "type": "minecraft:matching_blocks",
              "blocks": "minecraft:air"
            }
          }
        ]
      },
      "tries": 80,
      "xz_spread": 6,
      "y_spread": 2
    }
  }