{
    "type": "minecraft:tree",
    "config": {
      "decorators": [
      ],
      "force_dirt": false,
      "ignore_vines": true,
      "minimum_size": {
        "type": "minecraft:two_layers_feature_size",
        "limit": 1,
        "lower_size": 0,
        "upper_size": 2
      },
      "dirt_provider": {
        "type": "minecraft:simple_state_provider",
        "state": {
          "Name": "minecraft:rooted_dirt"
        }
      },
      "trunk_provider": {
        "type": "minecraft:simple_state_provider",
        "state": {
          "Name": "minecraft:dark_oak_log",
          "Properties": {
            "axis": "y"
          }
        }
      },
      "trunk_placer": {
        "type": "minecraft:straight_trunk_placer",
        "base_height": 7,
        "height_rand_a": 4,
        "height_rand_b": 1
      },
      "foliage_provider": {
        "type": "minecraft:simple_state_provider",
        "state": {
          "Name": "minecraft:oak_leaves",
          "Properties": {
            "distance": "7",
            "persistent": "false",
            "waterlogged": "false"
          }
        }
      },
      "foliage_placer": {
        "type": "minecraft:blob_foliage_placer",
        "height": 3,
        "offset": 0,
        "radius": 2
      }
    }
  }
  