{
  "parent": "odyssey:edge/find_biome",
  "display": {
    "frame": "task",
    "hidden": false,
    "announce_to_chat": true,
    "show_toast": true,
    "icon": {
      "count": 1,
      "id": "minecraft:explorer_pottery_sherd",
      "components": {
        "minecraft:enchantment_glint_override": true
      }
    },
    "title": {
      "translate": "Life at the Edge"
    },
    "description": {
      "translate": "Find every biome in the Edge!"
    }
  },
  "criteria": {
    "odyssey:aetherial_woods": {
      "conditions": {
        "player": [
          {
            "condition": "minecraft:entity_properties",
            "entity": "this",
            "predicate": {
              "location": {
                "biomes": "odyssey:aetherial_woods"
              }
            }
          }
        ]
      },
      "trigger": "minecraft:location"
    },
    "odyssey:cardinal_fields": {
      "conditions": {
        "player": [
          {
            "condition": "minecraft:entity_properties",
            "entity": "this",
            "predicate": {
              "location": {
                "biomes": "odyssey:cardinal_fields"
              }
            }
          }
        ]
      },
      "trigger": "minecraft:location"
    },
    "odyssey:inazuma_forest": {
      "conditions": {
        "player": [
          {
            "condition": "minecraft:entity_properties",
            "entity": "this",
            "predicate": {
              "location": {
                "biomes": "odyssey:inazuma_forest"
              }
            }
          }
        ]
      },
      "trigger": "minecraft:location"
    },
    "odyssey:lumenshroom_grove": {
      "conditions": {
        "player": [
          {
            "condition": "minecraft:entity_properties",
            "entity": "this",
            "predicate": {
              "location": {
                "biomes": "odyssey:lumenshroom_grove"
              }
            }
          }
        ]
      },
      "trigger": "minecraft:location"
    },
    "odyssey:marina_moor": {
      "conditions": {
        "player": [
          {
            "condition": "minecraft:entity_properties",
            "entity": "this",
            "predicate": {
              "location": {
                "biomes": "odyssey:marina_moor"
              }
            }
          }
        ]
      },
      "trigger": "minecraft:location"
    },
    "odyssey:mytreilium_coppice": {
      "conditions": {
        "player": [
          {
            "condition": "minecraft:entity_properties",
            "entity": "this",
            "predicate": {
              "location": {
                "biomes": "odyssey:mytreilium_coppice"
              }
            }
          }
        ]
      },
      "trigger": "minecraft:location"
    },
    "odyssey:nullstone_steppes": {
      "conditions": {
        "player": [
          {
            "condition": "minecraft:entity_properties",
            "entity": "this",
            "predicate": {
              "location": {
                "biomes": "odyssey:nullstone_steppes"
              }
            }
          }
        ]
      },
      "trigger": "minecraft:location"
    },
    "odyssey:ordinal_plains": {
      "conditions": {
        "player": [
          {
            "condition": "minecraft:entity_properties",
            "entity": "this",
            "predicate": {
              "location": {
                "biomes": "odyssey:ordinal_plains"
              }
            }
          }
        ]
      },
      "trigger": "minecraft:location"
    },
    "odyssey:silmen_mire": {
      "conditions": {
        "player": [
          {
            "condition": "minecraft:entity_properties",
            "entity": "this",
            "predicate": {
              "location": {
                "biomes": "odyssey:silmen_mire"
              }
            }
          }
        ]
      },
      "trigger": "minecraft:location"
    },
    "odyssey:scorchlands": {
      "conditions": {
        "player": [
          {
            "condition": "minecraft:entity_properties",
            "entity": "this",
            "predicate": {
              "location": {
                "biomes": "odyssey:scorchlands"
              }
            }
          }
        ]
      },
      "trigger": "minecraft:location"
    },
    "odyssey:spectral_gap": {
      "conditions": {
        "player": [
          {
            "condition": "minecraft:entity_properties",
            "entity": "this",
            "predicate": {
              "location": {
                "biomes": "odyssey:spectral_gap"
              }
            }
          }
        ]
      },
      "trigger": "minecraft:location"
    }
  },
  "requirements": [
    [
      "odyssey:aetherial_woods"
    ],
    [
      "odyssey:cardinal_fields"
    ],
    [
      "odyssey:inazuma_forest"
    ],
    [
      "odyssey:lumenshroom_grove"
    ],
    [
      "odyssey:marina_moor"
    ],
    [
      "odyssey:mytreilium_coppice"
    ],
    [
      "odyssey:nullstone_steppes"
    ],
    [
      "odyssey:ordinal_plains"
    ],
    [
      "odyssey:silmen_mire"
    ],
    [
      "odyssey:scorchlands"
    ],
    [
      "odyssey:spectral_gap"
    ]
  ]
}
