{
  "parent": "odyssey:edge/find_biome",
  "criteria": {
    "find_shadow_chambers": {
      "conditions": {
        "player": [
          {
            "condition": "minecraft:entity_properties",
            "entity": "this",
            "predicate": {
              "location": {
                "structures": "odyssey:shadow_chambers"
              }
            }
          }
        ]
      },
      "trigger": "minecraft:location"
    }
  },
  "display": {
    "announce_to_chat": true,
    "description": {
      "translate": "Locate a dark underground dungeon; the Shadow Chambers"
    },
    "frame": "goal",
    "hidden": false,
    "icon": {
      "count": 1,
      "id": "minecraft:polished_deepslate",
      "components": {
        "minecraft:enchantment_glint_override": true
      }
    },
    "show_toast": true,
    "title": {
      "translate": "Shadow Realm"
    }
  },
  "requirements": [
    [
      "find_shadow_chambers"
    ]
  ]
}
