{
    "name": "wraith",
    "type": "minecraft:skeleton",
    "nbt": {
        "Tags": [
            "odyssey.wraith",
            "odyssey_mob"
        ],
        "Attributes":[
            {
                "Name": "generic.armor_toughness", 
                "Base": 0
            },
            {
                "Name": "generic.armor", 
                "Base": 0
            },
            {
                "Name": "generic.attack_damage", 
                "Base": 8
            },
            {
                "Name": "generic.attack_knockback", 
                "Base": 30
            },
            {
                "Name": "generic.movement_speed", 
                "Base": 0.625
            },
            {
                "Name": "generic.max_health", 
                "Base": 30
            }
        ],
        "Health": 30,
        "CanPickUpLoot": "1b",
        "PersistenceRequired": "1b",
        "HandItems":[
            {
                "name": "minecraft:iron_sword",
                "Count": 1
            }
        ],
        "HandDropChances":[
            0.09,
            0.09
        ],
        "ArmorItems":[
            {
                "name": "minecraft:iron_boots",
                "Count": 1
            },
            {
                "name": "minecraft:iron_leggings",
                "Count": 1
            },
            {
                "name": "minecraft:iron_chestplate",
                "Count": 1
            },
            {
                "name": "minecraft:iron_helmet",
                "Count": 1
            }
        ],
        "ArmorDropChances":[
            0.09,
            0.09,
            0.09,
            0.09
        ]
    }
}