{
    "parent": "odyssey:smithing/sword/tracker_root",
    "criteria": {
      "create_katana": {
        "conditions": {
          "items": [
            {
              "nbt": "{CustomModelData:6905744}",
              "items": [
                "minecraft:wooden_sword",
                "minecraft:stone_sword",
                "minecraft:iron_sword",
                "minecraft:golden_sword",
                "minecraft:diamond_sword"
              ]
            }
          ]
        },
        "trigger": "minecraft:inventory_changed"
      }
    },
    "display": {
      "announce_to_chat": true,
      "description": {
        "translate": "Create a Katana"
      },
      "frame": "task",
      "hidden": true,
      "icon": {
        "item": "minecraft:iron_sword",
        "nbt": "{CustomModelData:6905744}"
      },
      "show_toast": true,
      "title": {
        "translate": "Honor!"
      }
    },
    "requirements": [
      [
        "create_katana"
      ]
    ]
}