{
    "parent": "odyssey:smithing/sword/tracker_root",
    "criteria": {
      "get_rapier_template": {
        "conditions": {
          "items": [
            {
              "nbt": "{CustomModelData:1,odyssey:{item:'rapier_template'}}",
              "items": [
                "minecraft:iron_ingot"
              ]
            }
          ]
        },
        "trigger": "minecraft:inventory_changed"
      }
    },
    "display": {
      "announce_to_chat": true,
      "description": {
        "translate": "Acquired the template to forge a rapier"
      },
      "frame": "task",
      "hidden": true,
      "icon": {
        "item": "minecraft:diamond_sword"
      },
      "show_toast": true,
      "title": {
        "translate": "Honor!"
      }
    },
    "requirements": [
      [
        "get_rapier_template"
      ]
    ]
}