{
  "anvil_cost": 4,
  "description": {
    "translate": "enchantment.odyssey.agile"
  },
  "effects": {
    "minecraft:attributes": [
      {
        "amount": {
          "type": "minecraft:linear",
          "base": 0.05,
          "per_level_above_first": 0.05
        },
        "attribute": "minecraft:generic.attack_speed",
        "id": "odyssey:enchantment.agile",
        "operation": "add_multiplied_base"
      }
    ]
  },
  "max_cost": {
    "base": 20,
    "per_level_above_first": 5
  },
  "max_level": 5,
  "min_cost": {
    "base": 5,
    "per_level_above_first": 5
  },
  "slots": [
    "mainhand"
  ],
  "primary_items": "#minecraft:enchantable/sword",
  "supported_items": "#odyssey:enchantable/melee",
  "weight": 5
}
