{
  "anvil_cost": 6,
  "description": {
    "translate": "enchantment.odyssey.analysis"
  },
  "effects": {
    "minecraft:mob_experience": [
      {
        "effect": {
          "type": "minecraft:multiply",
          "factor": {
            "type": "minecraft:linear",
            "base": 1.1,
            "per_level_above_first": 0.1
          }
        }
      }
    ],
    "minecraft:block_experience": [
      {
        "effect": {
          "type": "minecraft:multiply",
          "factor": {
            "type": "minecraft:linear",
            "base": 1.1,
            "per_level_above_first": 0.1
          }
        }
      }
    ]
  },
  "max_cost": {
    "base": 13,
    "per_level_above_first": 7
  },
  "max_level": 4,
  "min_cost": {
    "base": 10,
    "per_level_above_first": 7
  },
  "slots": ["head"],
  "supported_items": "#minecraft:enchantable/head_armor",
  "weight": 1
}
