{
  "anvil_cost": 1,
  "description": {
    "translate": "enchantment.odyssey.bane_of_the_swine"
  },
  "effects": {
    "minecraft:damage": [
      {
        "effect": {
          "type": "minecraft:add",
          "value": {
            "type": "minecraft:linear",
            "base": 2.5,
            "per_level_above_first": 2.5
          }
        },
        "requirements": {
          "condition": "minecraft:entity_properties",
          "entity": "this",
          "predicate": {
            "type": "#odyssey:sensitive_to_bane_of_the_swine"
          }
        }
      }
    ]
  },
  "exclusive_set": "#odyssey:exclusive_set/all_damages",
  "max_cost": {
    "base": 11,
    "per_level_above_first": 8
  },
  "max_level": 5,
  "min_cost": {
    "base": 2,
    "per_level_above_first": 6
  },
  "slots": [
    "mainhand"
  ],
  "primary_items": "#minecraft:enchantable/sword",
  "supported_items": "#odyssey:enchantable/melee",
  "weight": 5
}
