{
  "anvil_cost": 4,
  "description": {
    "translate": "enchantment.odyssey.bulwark"
  },
  "effects": {
    "minecraft:attributes": [
      {
        "amount": {
          "type": "minecraft:linear",
          "base": 0.02,
          "per_level_above_first": 0.02
        },
        "attribute": "minecraft:generic.armor",
        "id": "odyssey:enchantment.bulwark",
        "operation": "add_multiplied_base"
      }
    ]
  },
  "max_cost": {
    "base": 11,
    "per_level_above_first": 7
  },
  "max_level": 4,
  "min_cost": {
    "base": 7,
    "per_level_above_first": 7
  },
  "slots": [
    "armor"
  ],
  "supported_items": "#minecraft:enchantable/armor",
  "weight": 5
}