{
  "anvil_cost": 4,
  "description": {
    "translate": "enchantment.odyssey.claw_climbing"
  },
  "effects": {
    "minecraft:attributes": [
      {
        "amount": {
          "type": "minecraft:linear",
          "base": 1.0,
          "per_level_above_first": 1.0
        },
        "attribute": "minecraft:generic.step_height",
        "id": "odyssey:enchantment.claw_climbing",
        "operation": "add_value"
      }
    ]
  },
  "max_cost": {
    "base": 14,
    "per_level_above_first": 7
  },
  "max_level": 4,
  "min_cost": {
    "base": 7,
    "per_level_above_first": 7
  },
  "slots": [
    "feet"
  ],
  "supported_items": "#minecraft:enchantable/foot_armor",
  "weight": 5
}
