{
  "anvil_cost": 6,
  "description": {
    "translate": "enchantment.odyssey.cleave"
  },
  "effects": {
    "minecraft:post_attack": [
      {
        "enchanted": "attacker",
        "affected": "victim",
        "effect": {
          "type": "minecraft:damage_item",
          "amount": 1.0
        },
        "requirements": {
          "chance": {
            "type": "minecraft:enchantment_level",
            "amount": {
              "type": "minecraft:linear",
              "base": 0.2,
              "per_level_above_first": 0.2
            }
          },
          "condition": "minecraft:random_chance"
        }
      }
    ]
  },
  "max_cost": {
    "base": 25,
    "per_level_above_first": 10
  },
  "max_level": 3,
  "min_cost": {
    "base": 5,
    "per_level_above_first": 10
  },
  "slots": [
    "mainhand"
  ],
  "supported_items": "#odyssey:enchantable/cleave_melee",
  "weight": 4
}
