{
  "anvil_cost": 4,
  "description": {
    "translate": "enchantment.odyssey.encumbering_curse"
  },
  "effects": {
    "minecraft:attributes": [
      {
        "amount": {
          "type": "minecraft:linear",
          "base": 0.1,
          "per_level_above_first": 0.1
        },
        "attribute": "minecraft:generic.gravity",
        "id": "odyssey:enchantment.encumbering_curse",
        "operation": "add_multiplied_base"
      }
    ]
  },
  "exclusive_set": "#odyssey:exclusive_set/durability_repair",
  "max_cost": {
    "base": 15,
    "per_level_above_first": 10
  },
  "max_level": 3,
  "min_cost": {
    "base": 5,
    "per_level_above_first": 10
  },
  "slots": [
    "any"
  ],
  "supported_items": "#minecraft:enchantable/durability",
  "weight": 7
}
