{
  "anvil_cost": 6,
  "description": {
    "translate": "enchantment.odyssey.grasp"
  },
  "effects": {
    "minecraft:attributes": [
      {
        "amount": {
          "type": "minecraft:linear",
          "base": 1.0,
          "per_level_above_first": 0.5
        },
        "attribute": "minecraft:player.block_interaction_range",
        "id": "odyssey:enchantment.odyssey.grasp",
        "operation": "add_value"
      }
    ]
  },
  "max_cost": {
    "base": 14,
    "per_level_above_first": 7
  },
  "max_level": 4,
  "min_cost": {
    "base": 5,
    "per_level_above_first": 7
  },
  "slots": [
    "mainhand"
  ],
  "supported_items": "#minecraft:enchantable/mining",
  "weight": 5
}
