{
  "anvil_cost": 6,
  "description": {
    "translate": "enchantment.odyssey.heartened"
  },
  "effects": {
    "minecraft:attributes": [
      {
        "amount": {
          "type": "minecraft:linear",
          "base": 0.1,
          "per_level_above_first": 0.1
        },
        "attribute": "minecraft:generic.max_health",
        "id": "odyssey:enchantment.heartened",
        "operation": "add_multiplied_base"
      }
    ]
  },
  "max_cost": {
    "base": 14,
    "per_level_above_first": 10
  },
  "max_level": 3,
  "min_cost": {
    "base": 5,
    "per_level_above_first": 10
  },
  "slots": [
    "chest"
  ],
  "supported_items": "#minecraft:enchantable/chest_armor",
  "weight": 4
}
