{
  "anvil_cost": 4,
  "description": {
    "translate": "enchantment.odyssey.leap_frog"
  },
  "effects": {
    "minecraft:attributes": [
      {
        "amount": {
          "type": "minecraft:linear",
          "base": 0.35,
          "per_level_above_first": 0.35
        },
        "attribute": "minecraft:generic.jump_strength",
        "id": "odyssey:enchantment.leap_frog_jump",
        "operation": "add_multiplied_base"
      },
      {
        "amount": {
          "type": "minecraft:linear",
          "base": 2.0,
          "per_level_above_first": 1.0
        },
        "attribute": "minecraft:generic.safe_fall_distance",
        "id": "odyssey:enchantment.leap_frog_fall",
        "operation": "add_value"
      }
    ]
  },
  "max_cost": {
    "base": 14,
    "per_level_above_first": 9
  },
  "max_level": 4,
  "min_cost": {
    "base": 5,
    "per_level_above_first": 9
  },
  "slots": [
    "armor"
  ],
  "supported_items": "#minecraft:enchantable/leg_armor",
  "weight": 5
}
