{
  "anvil_cost": 4,
  "description": {
    "translate": "enchantment.odyssey.molten_core"
  },
  "effects": {
    "minecraft:post_attack": [
      {
        "affected": "attacker",
        "enchanted": "victim",
        "effect": {
          "type": "minecraft:all_of",
          "effects": [
            {
              "type": "minecraft:ignite",
              "duration": {
                "type": "linear",
                "base": 4,
                "per_level_above_first": 4
              }
            },
            {
              "type": "minecraft:damage_item",
              "amount": 1.0
            }
          ]
        },
        "requirements": {
          "condition": "minecraft:random_chance",
          "chance": {
            "type": "minecraft:enchantment_level",
            "amount": {
              "type": "minecraft:linear",
              "base": 0.5,
              "per_level_above_first": 0.25
            }
          }
        }
      }
    ]
  },
  "max_cost": {
    "base": 13,
    "per_level_above_first": 7
  },
  "max_level": 2,
  "min_cost": {
    "base": 9,
    "per_level_above_first": 7
  },
  "slots": [
    "chest"
  ],
  "supported_items": "#minecraft:enchantable/chest_armor",
  "weight": 3
}
