{
  "anvil_cost": 2,
  "description": {
    "translate": "enchantment.odyssey.o_shiny"
  },
  "effects": {
    "minecraft:tick": [
      {
        "effect": {
          "type": "minecraft:spawn_particles",
          "horizontal_position": {
            "type": "in_bounding_box"
          },
          "horizontal_velocity": {
            "movement_scale": 0
          },
          "particle": {
            "type": "minecraft:ominous_spawning"
          },
          "speed": 0.95,
          "vertical_position": {
            "type": "in_bounding_box"
          },
          "vertical_velocity": {
            "base": 0.08
          }
        }
      }
    ]
  },
  "max_cost": {
    "base": 10,
    "per_level_above_first": 5
  },
  "max_level": 1,
  "min_cost": {
    "base": 5,
    "per_level_above_first": 5
  },
  "slots": ["any"],
  "supported_items": "#minecraft:enchantable/durability",
  "weight": 5
}
