{
  "anvil_cost": 4,
  "description": {
    "translate": "enchantment.odyssey.root_boots"
  },
  "effects": {
    "minecraft:attributes": [
      {
        "amount": {
          "type": "minecraft:linear",
          "base": 0.1,
          "per_level_above_first": 0.1
        },
        "attribute": "minecraft:generic.knockback_resistance",
        "id": "odyssey:enchantment.root_boots",
        "operation": "add_multiplied_base"
      }
    ]
  },
  "max_cost": {
    "base": 11,
    "per_level_above_first": 7
  },
  "max_level": 4,
  "min_cost": {
    "base": 5,
    "per_level_above_first": 7
  },
  "slots": [
    "armor"
  ],
  "supported_items": "#minecraft:enchantable/foot_armor",
  "weight": 5
}
