{
    "parent": "odyssey:smithing/root",
    "criteria": {
      "create_wooden_axe": {
        "conditions": {
          "items": [
            {
              "items": [
                "minecraft:wooden_axe"
              ]
            }
          ]
        },
        "trigger": "minecraft:inventory_changed"
      },
      "create_stone_axe": {
        "conditions": {
          "items": [
            {
              "items": [
                "minecraft:stone_axe"
              ]
            }
          ]
        },
        "trigger": "minecraft:inventory_changed"
      },
      "create_iron_axe": {
        "conditions": {
          "items": [
            {
              "items": [
                "minecraft:iron_axe"
              ]
            }
          ]
        },
        "trigger": "minecraft:inventory_changed"
      },
      "create_golden_axe": {
        "conditions": {
          "items": [
            {
              "items": [
                "minecraft:golden_axe"
              ]
            }
          ]
        },
        "trigger": "minecraft:inventory_changed"
      },
      "create_diamond_axe": {
        "conditions": {
          "items": [
            {
              "items": [
                "minecraft:diamond_axe"
              ]
            }
          ]
        },
        "trigger": "minecraft:inventory_changed"
      }
    },
    "display": {
      "announce_to_chat": true,
      "description": {
        "translate": "Started the journey of the axe"
      },
      "frame": "task",
      "hidden": false,
      "icon": {
        "item": "minecraft:iron_axe"
      },
      "show_toast": true,
      "title": {
        "translate": "Axe Maker!"
      }
    },
    "requirements": [
      [
        "create_wooden_axe",
        "create_stone_axe",
        "create_iron_axe",
        "create_golden_axe",
        "create_diamond_axe"
      ]
    ]
}