{
    "parent": "odyssey:smithing/axe/root",
    "criteria": {
      "get_longaxe_template": {
        "conditions": {
          "items": [
            {
              "nbt": "{CustomModelData:1,odyssey:{item:'longaxe_template'}}",
              "items": [
                "minecraft:iron_ingot"
              ]
            }
          ]
        },
        "trigger": "minecraft:inventory_changed"
      },
      "get_battleaxe_template": {
        "conditions": {
          "items": [
            {
              "nbt": "{CustomModelData:1,odyssey:{item:'battleaxe_template'}}",
              "items": [
                "minecraft:iron_ingot"
              ]
            }
          ]
        },
        "trigger": "minecraft:inventory_changed"
      }
    },
    "display": {
      "announce_to_chat": true,
      "description": {
        "translate": "Discover every single axe template"
      },
      "frame": "challenge",
      "hidden": false,
      "icon": {
        "item": "minecraft:netherite_axe"
      },
      "show_toast": true,
      "title": {
        "translate": "Axes and Taxes"
      }
    },
    "requirements": [
      [
        "get_longaxe_template"
      ],
      [
        "get_battleaxe_template"
      ]
    ]
}