{
  "type": "minecraft:tree",
  "config": {
    "decorators": [
      {
        "type": "minecraft:attached_to_leaves",
        "probability": 0.4,
        "exclusion_radius_xz": 0,
        "exclusion_radius_y": 0,
        "required_empty_blocks": 1,
        "block_provider": {
          "type": "minecraft:weighted_state_provider",
          "entries": [
            {
              "data": {
                "Name": "minecraft:pink_stained_glass_pane"
              },
              "weight": 12
            },
            {
              "data": {
                "Name": "minecraft:white_stained_glass_pane"
              },
              "weight": 5
            }
          ]
        },
        "directions": [
          "down"
        ]
      }
    ],
    "force_dirt": false,
    "ignore_vines": true,
    "minimum_size": {
      "type": "minecraft:two_layers_feature_size",
      "limit": 1,
      "lower_size": 0,
      "upper_size": 1
    },
    "dirt_provider": {
      "type": "minecraft:simple_state_provider",
      "state": {
        "Name": "minecraft:rooted_dirt"
      }
    },
    "trunk_provider": {
      "type": "minecraft:simple_state_provider",
      "state": {
        "Name": "minecraft:mushroom_stem",
        "Properties": {
          "axis": "y"
        }
      }
    },
    "trunk_placer": {
      "type": "minecraft:straight_trunk_placer",
      "base_height": 3,
      "height_rand_a": 2,
      "height_rand_b": 0
    },
    "foliage_provider": {
      "type": "minecraft:weighted_state_provider",
      "entries": [
        {
          "data": {
            "Name": "minecraft:pink_stained_glass"
          },
          "weight": 30
        },
        {
          "data": {
            "Name": "minecraft:pearlescent_froglight"
          },
          "weight": 3
        },
        {
          "data": {
            "Name": "minecraft:white_stained_glass"
          },
          "weight": 4
        }
      ]
    },
    "foliage_placer": {
      "type": "minecraft:fancy_foliage_placer",
      "radius": 1,
      "offset": 0,
      "height": 3
    }
  }
}
