{
  "type": "minecraft:tree",
  "config": {
    "decorators": [],
    "force_dirt": false,
    "ignore_vines": true,
    "minimum_size": {
      "type": "minecraft:two_layers_feature_size",
      "limit": 1,
      "lower_size": 0,
      "upper_size": 1
    },
    "dirt_provider": {
      "type": "minecraft:simple_state_provider",
      "state": {
        "Name": "minecraft:rooted_dirt"
      }
    },
    "trunk_provider": {
      "type": "minecraft:simple_state_provider",
      "state": {
        "Name": "minecraft:mushroom_stem",
        "Properties": {
          "axis": "y"
        }
      }
    },
    "trunk_placer": {
      "type": "minecraft:straight_trunk_placer",
      "base_height": 10,
      "height_rand_a": 5,
      "height_rand_b": 2
    },
    "foliage_provider": {
      "type": "minecraft:simple_state_provider",
      "state": {
        "Name": "minecraft:brown_mushroom_block"
      }
    },
    "foliage_placer": {
      "type": "minecraft:blob_foliage_placer",
      "radius": 2,
      "offset": 1,
      "height": 2
    }
  }
}
