{
    "has_precipitation": false,
    "temperature": 1.5,
    "downfall": 0.0,
    "category": "mesa",
    "player_spawn_friendly": false,
    "creature_spawn_probability": 0.4,
    "carvers": {
      "air": [
        "minecraft:cave",
        "minecraft:cave_extra_underground",
        "minecraft:canyon"
      ]
    },
    "effects": {
      "sky_color": 7972607,
      "fog_color": 12638463,
      "water_color": 11854910,
      "water_fog_color": 329011,
      "foliage_color": 10149742,
      "grass_color": 15851810,
      "grass_color_modifier": "none",
      "music": {
        "sound": "minecraft:music.overworld.badlands",
        "min_delay": 12000,
        "max_delay": 24000,
        "replace_current_music": false
      },
      "mood_sound": {
        "sound": "minecraft:ambient.cave",
        "tick_delay": 6000,
        "block_search_extent": 8,
        "offset": 2.0
      }
    },
    "features": [
      [],
      [],
      [
        "minecraft:amethyst_geode"
      ],
      [
        "minecraft:monster_room",
        "minecraft:monster_room_deep"
      ],
      [],
      [
        "odyssey:danakil/disk_red_sandstone",
        "odyssey:danakil/disk_diorite",
        "odyssey:danakil/disk_granite",
        "odyssey:danakil/disk_orange",
        "odyssey:danakil/disk_yellow",
        "odyssey:danakil/lake_filler",
        "odyssey:danakil/ring_yellow_water",
        "odyssey:danakil/ring_yellow_ground"
      ],
      [
        "minecraft:ore_dirt",
        "minecraft:ore_gravel",
        "minecraft:ore_granite_upper",
        "minecraft:ore_granite_lower",
        "minecraft:ore_diorite_upper",
        "minecraft:ore_diorite_lower",
        "minecraft:ore_andesite_upper",
        "minecraft:ore_andesite_lower",
        "minecraft:ore_tuff",
        "minecraft:ore_coal_upper",
        "minecraft:ore_coal_lower",
        "minecraft:ore_iron_upper",
        "minecraft:ore_iron_middle",
        "minecraft:ore_iron_small",
        "minecraft:ore_gold",
        "minecraft:ore_gold_lower",
        "minecraft:ore_redstone",
        "minecraft:ore_redstone_lower",
        "minecraft:ore_diamond",
        "minecraft:ore_diamond_large",
        "minecraft:ore_diamond_buried",
        "minecraft:ore_lapis",
        "minecraft:ore_lapis_buried",
        "minecraft:ore_copper",
        "minecraft:underwater_magma",
        "minecraft:disk_clay",
        "minecraft:disk_gravel"
      ],
      [],
      [
        "minecraft:spring_water"
      ],
      [
        "minecraft:glow_lichen",
        "odyssey:danakil/mounds",
        "odyssey:danakil/rock_granite"
      ],
      [
        "minecraft:freeze_top_layer"
      ]
    ],
    "spawn_costs": {},
    "spawners": {
      "ambient": [
        {
          "type": "minecraft:bat",
          "maxCount": 8,
          "minCount": 8,
          "weight": 10
        }
      ],
      "axolotls": [],
      "creature": [
        {
          "type": "minecraft:chicken",
          "maxCount": 4,
          "minCount": 4,
          "weight": 10
        }
      ],
      "misc": [],
      "monster": [
        {
          "type": "minecraft:zombie",
          "maxCount": 4,
          "minCount": 4,
          "weight": 95
        },
        {
          "type": "minecraft:zombie_villager",
          "maxCount": 1,
          "minCount": 1,
          "weight": 5
        },
        {
          "type": "minecraft:creeper",
          "maxCount": 4,
          "minCount": 4,
          "weight": 100
        },
        {
          "type": "minecraft:slime",
          "maxCount": 4,
          "minCount": 4,
          "weight": 100
        },
        {
          "type": "minecraft:enderman",
          "maxCount": 4,
          "minCount": 1,
          "weight": 10
        }
      ],
      "underground_water_creature": [
        {
          "type": "minecraft:glow_squid",
          "maxCount": 6,
          "minCount": 4,
          "weight": 10
        }
      ],
      "water_ambient": [],
      "water_creature": []
    }
  }
  