{
  "has_precipitation": true,
  "temperature": 0.7,
  "downfall": 0.8,
  "player_spawn_friendly": true,
  "creature_spawn_probability": 0.4,
  "carvers": {
    "air": [
      "minecraft:cave",
      "minecraft:cave_extra_underground",
      "minecraft:canyon"
    ]
  },
  "effects": {
    "sky_color": 7972607,
    "fog_color": 7972607,
    "water_color": 4159204,
    "water_fog_color": 329011,
    "foliage_color": 12820193,
    "grass_color": 9294183,
    "grass_color_modifier": "none",
    "particle": {
      "options": {
        "type": "minecraft:wax_off"
      },
      "probability": 0.001
    },
    "music": {
      "sound": {
        "sound_id": "odyssey:music.dimension.edge"
      },
      "min_delay": 6000,
      "max_delay": 12000,
      "replace_current_music": false
    },
    "additions_sound": {
      "sound": "minecraft:ambient.crimson_forest.additions",
      "tick_chance": 0.0051
    },
    "mood_sound": {
      "sound": "minecraft:ambient.cave",
      "tick_delay": 6000,
      "block_search_extent": 8,
      "offset": 2.0
    }
  },
  "features": [
    [],
    [],
    [
      "minecraft:amethyst_geode",
      "odyssey:generic/diamond_geode",
      "minecraft:forest_rock"
    ],
    [
      "minecraft:monster_room",
      "minecraft:monster_room_deep"
    ],
    [],
    [],
    [
      "minecraft:ore_dirt",
      "minecraft:ore_gravel",
      "minecraft:ore_granite_upper",
      "minecraft:ore_granite_lower",
      "minecraft:ore_diorite_upper",
      "minecraft:ore_diorite_lower",
      "minecraft:ore_andesite_upper",
      "minecraft:ore_andesite_lower",
      "minecraft:ore_tuff",
      "minecraft:ore_coal_upper",
      "minecraft:ore_coal_lower",
      "minecraft:ore_iron_upper",
      "minecraft:ore_iron_middle",
      "minecraft:ore_iron_small",
      "minecraft:ore_gold",
      "minecraft:ore_gold_lower",
      "minecraft:ore_redstone",
      "minecraft:ore_redstone_lower",
      "minecraft:ore_diamond",
      "minecraft:ore_diamond_large",
      "minecraft:ore_diamond_buried",
      "minecraft:ore_lapis",
      "minecraft:ore_lapis_buried",
      "minecraft:ore_copper",
      "minecraft:underwater_magma",
      "minecraft:disk_clay",
      "minecraft:disk_gravel"
    ],
    [],
    [],
    [
      "minecraft:glow_lichen",
      "odyssey:inazuma/trees",
      "odyssey:inazuma/patch_grass_normal",
      "odyssey:inazuma/patch_azalea",
      "minecraft:flower_cherry",
      "odyssey:inazuma/flowers_gems",
      "odyssey:inazuma/flowers_pink",
      "odyssey:inazuma/flowers_blue",
      "odyssey:inazuma/brushes"
    ],
    [
      "minecraft:freeze_top_layer",
      "odyssey:inazuma/glow_vines_trees"
    ]
  ],
  "spawn_costs": {},
  "spawners": {
    "ambient": [
      {
        "type": "minecraft:bat",
        "maxCount": 8,
        "minCount": 8,
        "weight": 10
      }
    ],
    "axolotls": [],
    "creature": [
      {
        "type": "minecraft:sheep",
        "maxCount": 3,
        "minCount": 3,
        "weight": 6
      },
      {
        "type": "minecraft:pig",
        "maxCount": 3,
        "minCount": 3,
        "weight": 6
      },
      {
        "type": "minecraft:chicken",
        "maxCount": 3,
        "minCount": 3,
        "weight": 8
      },
      {
        "type": "minecraft:cow",
        "maxCount": 3,
        "minCount": 3,
        "weight": 6
      },
      {
        "type": "minecraft:rabbit",
        "maxCount": 6,
        "minCount": 4,
        "weight": 10
      }
    ],
    "misc": [],
    "monster": [
      {
        "type": "minecraft:spider",
        "maxCount": 4,
        "minCount": 4,
        "weight": 80
      },
      {
        "type": "minecraft:zombie",
        "maxCount": 4,
        "minCount": 4,
        "weight": 90
      },
      {
        "type": "minecraft:skeleton",
        "maxCount": 4,
        "minCount": 4,
        "weight": 100
      },
      {
        "type": "minecraft:bogged",
        "maxCount": 6,
        "minCount": 4,
        "weight": 130
      },
      {
        "type": "minecraft:breeze",
        "maxCount": 3,
        "minCount": 1,
        "weight": 5
      },
      {
        "type": "minecraft:enderman",
        "maxCount": 4,
        "minCount": 1,
        "weight": 10
      }
    ],
    "underground_water_creature": [
      {
        "type": "minecraft:glow_squid",
        "maxCount": 6,
        "minCount": 4,
        "weight": 10
      }
    ],
    "water_ambient": [],
    "water_creature": []
  }
}
