{
  "has_precipitation": true,
  "temperature": 0.4,
  "downfall": 0.7,
  "player_spawn_friendly": true,
  "creature_spawn_probability": 0.4,
  "carvers": {
    "air": [
      "minecraft:cave",
      "minecraft:cave_extra_underground",
      "minecraft:canyon"
    ]
  },
  "effects": {
    "sky_color": 7972607,
    "fog_color": 7972607,
    "water_color": 16777215,
    "water_fog_color": 329011,
    "foliage_color": 15000804,
    "grass_color": 15000804,
    "grass_color_modifier": "none",
    "particle": {
      "options": {
        "type": "minecraft:wax_off"
      },
      "probability": 0.001
    },
    "music": {
      "sound": {
        "sound_id": "odyssey:music.dimension.edge"
      },
      "min_delay": 6000,
      "max_delay": 12000,
      "replace_current_music": false
    },
    "additions_sound": {
      "sound": "minecraft:ambient.crimson_forest.additions",
      "tick_chance": 0.0111
    },
    "mood_sound": {
      "sound": "minecraft:ambient.cave",
      "tick_delay": 6000,
      "block_search_extent": 8,
      "offset": 2.0
    }
  },
  "features": [
    [],
    [],
    [
      "odyssey:generic/diamond_geode"
    ],
    [
      "minecraft:monster_room",
      "minecraft:monster_room_deep"
    ],
    [],
    [],
    [],
    [],
    [],
    [
      "minecraft:glow_lichen",
      "odyssey:lumenshroom_grove/shrooms_tall",
      "odyssey:lumenshroom_grove/patch_vegetation"
    ],
    [
      "minecraft:freeze_top_layer"
    ]
  ],
  "spawn_costs": {},
  "spawners": {
    "ambient": [],
    "axolotls": [],
    "creature": [],
    "misc": [],
    "monster": [
      {
        "type": "minecraft:spider",
        "maxCount": 6,
        "minCount": 4,
        "weight": 100
      },
      {
        "type": "minecraft:stray",
        "maxCount": 6,
        "minCount": 4,
        "weight": 200
      },
      {
        "type": "minecraft:skeleton",
        "maxCount": 6,
        "minCount": 4,
        "weight": 200
      },
      {
        "type": "minecraft:breeze",
        "maxCount": 2,
        "minCount": 1,
        "weight": 1
      },
      {
        "type": "minecraft:enderman",
        "maxCount": 2,
        "minCount": 1,
        "weight": 10
      }
    ],
    "underground_water_creature": [],
    "water_ambient": [],
    "water_creature": []
  }
}
