{
  "has_precipitation": true,
  "temperature": 0.3,
  "downfall": 0.3,
  "player_spawn_friendly": true,
  "creature_spawn_probability": 0.4,
  "carvers": {
    "air": [
      "minecraft:cave",
      "minecraft:cave_extra_underground",
      "minecraft:canyon"
    ]
  },
  "effects": {
    "sky_color": 7972607,
    "fog_color": 13151999,
    "water_color": 4159204,
    "water_fog_color": 329011,
    "foliage_color": 10742494,
    "grass_color": 6868090,
    "grass_color_modifier": "none",
    "music": {
      "sound": {
        "sound_id": "odyssey:music.dimension.edge"
      },
      "min_delay": 6000,
      "max_delay": 12000,
      "replace_current_music": false
    },
    "additions_sound": {
      "sound": "minecraft:ambient.crimson_forest.additions",
      "tick_chance": 0.0111
    },
    "mood_sound": {
      "sound": "minecraft:ambient.cave",
      "tick_delay": 6000,
      "block_search_extent": 8,
      "offset": 2.0
    }
  },
  "features": [
    [],
    [],
    [
      "minecraft:amethyst_geode",
      "odyssey:generic/diamond_geode",
      "odyssey:marina_moor/rock_tuff",
      "odyssey:marina_moor/rock_prismarine"
    ],
    [
      "minecraft:monster_room",
      "minecraft:monster_room_deep"
    ],
    [],
    [],
    [
      "minecraft:ore_dirt",
      "minecraft:ore_gravel",
      "minecraft:ore_granite_upper",
      "minecraft:ore_granite_lower",
      "minecraft:ore_diorite_upper",
      "minecraft:ore_diorite_lower",
      "minecraft:ore_andesite_upper",
      "minecraft:ore_andesite_lower",
      "minecraft:ore_tuff",
      "minecraft:ore_coal_upper",
      "minecraft:ore_coal_lower",
      "minecraft:ore_iron_upper",
      "minecraft:ore_iron_middle",
      "minecraft:ore_iron_small",
      "minecraft:ore_gold",
      "minecraft:ore_gold_lower",
      "minecraft:ore_redstone",
      "minecraft:ore_redstone_lower",
      "minecraft:ore_diamond",
      "minecraft:ore_diamond_large",
      "minecraft:ore_diamond_buried",
      "minecraft:ore_lapis",
      "minecraft:ore_lapis_buried",
      "minecraft:ore_copper",
      "minecraft:underwater_magma",
      "minecraft:disk_clay",
      "minecraft:disk_gravel"
    ],
    [],
    [
      "minecraft:spring_water"
    ],
    [
      "minecraft:glow_lichen",
      "odyssey:marina_moor/trees",
      "odyssey:marina_moor/patch_vegetation"
    ],
    [
      "minecraft:freeze_top_layer"
    ]
  ],
  "spawn_costs": {},
  "spawners": {
    "ambient": [],
    "axolotls": [],
    "creature": [],
    "misc": [],
    "monster": [
      {
        "type": "minecraft:stray",
        "maxCount": 6,
        "minCount": 4,
        "weight": 200
      },
      {
        "type": "minecraft:skeleton",
        "maxCount": 6,
        "minCount": 4,
        "weight": 200
      },
      {
        "type": "minecraft:breeze",
        "maxCount": 2,
        "minCount": 1,
        "weight": 1
      },
      {
        "type": "minecraft:enderman",
        "maxCount": 2,
        "minCount": 1,
        "weight": 10
      }
    ],
    "underground_water_creature": [],
    "water_ambient": [],
    "water_creature": []
  }
}
