{
    "has_precipitation": true,
    "temperature": 0.6,
    "downfall": 0.6,
    "player_spawn_friendly": true,
    "creature_spawn_probability": 0.4,
    "carvers": {
      "air": [
        "minecraft:cave",
        "minecraft:cave_extra_underground",
        "minecraft:canyon"
      ]
    },
    "effects": {
      "sky_color": 7972607,
      "fog_color": 12638463,
      "water_color": 1983131,
      "water_fog_color": 329011,
      "foliage_color": 13746279,
      "grass_color": 13746279,
      "grass_color_modifier": "none",
      "particle": {
        "options": {
          "type": "minecraft:wax_off"
        },
        "probability": 0.001
      },
      "music": {
        "sound": "minecraft:music.nether.crimson_forest",
        "min_delay": 12000,
        "max_delay": 24000,
        "replace_current_music": false
      },
      "additions_sound": {
        "sound": "minecraft:ambient.crimson_forest.additions",
        "tick_chance": 0.0111
      },
      "mood_sound": {
        "sound": "minecraft:ambient.cave",
        "tick_delay": 6000,
        "block_search_extent": 8,
        "offset": 2.0
      }
    },
    "features": [
      [],
      [],
      [
        "minecraft:amethyst_geode",
        "minecraft:forest_rock"
      ],
      [
        "minecraft:monster_room",
        "minecraft:monster_room_deep"
      ],
      [],
      [
        "odyssey:generic/disk_coarse_dirt",
        "odyssey:generic/disk_podzol",
        "odyssey:generic/disk_dirt_path",
        "odyssey:generic/disk_rooted_dirt",
        "odyssey:mutated/disk_crimson_nylium"
      ],
      [
        "minecraft:ore_dirt",
        "minecraft:ore_gravel",
        "minecraft:ore_granite_upper",
        "minecraft:ore_granite_lower",
        "minecraft:ore_diorite_upper",
        "minecraft:ore_diorite_lower",
        "minecraft:ore_andesite_upper",
        "minecraft:ore_andesite_lower",
        "minecraft:ore_tuff",
        "minecraft:ore_coal_upper",
        "minecraft:ore_coal_lower",
        "minecraft:ore_iron_upper",
        "minecraft:ore_iron_middle",
        "minecraft:ore_iron_small",
        "minecraft:ore_gold",
        "minecraft:ore_gold_lower",
        "minecraft:ore_redstone",
        "minecraft:ore_redstone_lower",
        "minecraft:ore_diamond",
        "minecraft:ore_diamond_large",
        "minecraft:ore_diamond_buried",
        "minecraft:ore_lapis",
        "minecraft:ore_lapis_buried",
        "minecraft:ore_copper",
        "minecraft:underwater_magma",
        "minecraft:disk_clay",
        "minecraft:disk_gravel",
        "odyssey:generic/disk_tuff"
      ],
      [],
      [
        "minecraft:spring_water"
      ],
      [
        "minecraft:glow_lichen",
        "odyssey:mutated/trees",
        "odyssey:mutated/patch_crimson_roots",
        "odyssey:mutated/patch_grass_normal",
        "odyssey:mutated/patch_vegetation",
        "minecraft:brown_mushroom_normal",
        "minecraft:red_mushroom_normal",
        "minecraft:patch_dead_bush"
      ],
      [
        "minecraft:freeze_top_layer"
      ]
    ],
    "spawn_costs": {},
    "spawners": {
      "ambient": [
        {
          "type": "minecraft:bat",
          "maxCount": 8,
          "minCount": 8,
          "weight": 10
        }
      ],
      "axolotls": [],
      "creature": [
        {
          "type": "minecraft:sheep",
          "maxCount": 4,
          "minCount": 4,
          "weight": 12
        },
        {
          "type": "minecraft:pig",
          "maxCount": 4,
          "minCount": 4,
          "weight": 10
        },
        {
          "type": "minecraft:chicken",
          "maxCount": 4,
          "minCount": 4,
          "weight": 10
        },
        {
          "type": "minecraft:cow",
          "maxCount": 4,
          "minCount": 4,
          "weight": 8
        },
        {
          "type": "minecraft:rabbit",
          "maxCount": 3,
          "minCount": 2,
          "weight": 4
        }
      ],
      "misc": [],
      "monster": [
        {
          "type": "minecraft:spider",
          "maxCount": 4,
          "minCount": 4,
          "weight": 100
        },
        {
          "type": "minecraft:zombie",
          "maxCount": 4,
          "minCount": 4,
          "weight": 95
        },
        {
          "type": "minecraft:zombie_villager",
          "maxCount": 1,
          "minCount": 1,
          "weight": 5
        },
        {
          "type": "minecraft:skeleton",
          "maxCount": 4,
          "minCount": 4,
          "weight": 100
        },
        {
          "type": "minecraft:creeper",
          "maxCount": 4,
          "minCount": 4,
          "weight": 100
        },
        {
          "type": "minecraft:slime",
          "maxCount": 4,
          "minCount": 4,
          "weight": 100
        },
        {
          "type": "minecraft:enderman",
          "maxCount": 4,
          "minCount": 1,
          "weight": 10
        },
        {
          "type": "minecraft:witch",
          "maxCount": 1,
          "minCount": 1,
          "weight": 5
        }
      ],
      "underground_water_creature": [
        {
          "type": "minecraft:glow_squid",
          "maxCount": 6,
          "minCount": 4,
          "weight": 10
        }
      ],
      "water_ambient": [],
      "water_creature": []
    }
  }
  