{
  "has_precipitation": false,
  "temperature": 1.0,
  "downfall": 0.0,
  "player_spawn_friendly": false,
  "creature_spawn_probability": 0.4,
  "carvers": {
    "air": [
      "minecraft:cave",
      "minecraft:cave_extra_underground",
      "minecraft:canyon"
    ]
  },
  "effects": {
    "sky_color": 7972607,
    "fog_color": 7972607,
    "water_color": 16777215,
    "water_fog_color": 329011,
    "foliage_color": 15200255,
    "grass_color": 15200255,
    "grass_color_modifier": "none",
    "particle": {
      "options": {
        "type": "minecraft:wax_off"
      },
      "probability": 0.001
    },
    "music": {
      "sound": {
        "sound_id": "odyssey:music.dimension.edge"
      },
      "min_delay": 6000,
      "max_delay": 12000,
      "replace_current_music": false
    },
    "additions_sound": {
      "sound": "minecraft:ambient.crimson_forest.additions",
      "tick_chance": 0.0111
    },
    "mood_sound": {
      "sound": "minecraft:ambient.cave",
      "tick_delay": 6000,
      "block_search_extent": 8,
      "offset": 2.0
    }
  },
  "features": [
    [],
    [],
    [
      "minecraft:amethyst_geode",
      "odyssey:generic/diamond_geode"
    ],
    [
      "minecraft:monster_room",
      "minecraft:monster_room_deep"
    ],
    [],
    [],
    [],
    [],
    [],
    [
      "minecraft:glow_lichen",
      "odyssey:scorchlands/fissure_orange"
    ],
    []
  ],
  "spawn_costs": {},
  "spawners": {
    "ambient": [],
    "axolotls": [],
    "creature": [],
    "misc": [],
    "monster": [],
    "underground_water_creature": [],
    "water_ambient": [],
    "water_creature": []
  }
}
