{
  "type": "minecraft:archaeology",
  "pools": [
    {
      "bonus_rolls": 0.0,
      "entries": [
        {
          "type": "minecraft:item",
          "name": "minecraft:skull_pottery_sherd"
        },
        {
          "type": "minecraft:item",
          "name": "minecraft:burn_pottery_sherd"
        },
        {
          "type": "minecraft:item",
          "name": "minecraft:danger_pottery_sherd"
        },
        {
          "type": "minecraft:item",
          "name": "minecraft:friend_pottery_sherd"
        },
        {
          "type": "minecraft:item",
          "name": "minecraft:heart_pottery_sherd"
        },
        {
          "type": "minecraft:item",
          "name": "minecraft:heartbreak_pottery_sherd"
        },
        {
          "type": "minecraft:item",
          "name": "minecraft:howl_pottery_sherd"
        },
        {
          "type": "minecraft:item",
          "name": "minecraft:sheaf_pottery_sherd"
        },
        {
          "type": "minecraft:item",
          "name": "minecraft:miner_pottery_sherd"
        },
        {
          "type": "minecraft:item",
          "name": "minecraft:brick",
          "functions": [
            {
              "function": "set_components",
              "components": {
                "minecraft:custom_model_data": 6905632
              },
              "conditions": []
            }
          ]
        },
        {
          "type": "minecraft:item",
          "name": "minecraft:brick",
          "functions": [
            {
              "function": "set_components",
              "components": {
                "minecraft:custom_model_data": 6905632
              },
              "conditions": []
            }
          ]
        },
        {
          "type": "minecraft:item",
          "name": "minecraft:iron_ingot",
          "functions": [
            {
              "function": "set_components",
              "components": {
                "minecraft:custom_model_data": 6906619,
                "minecraft:item_name": "silver_ingot"
              },
              "conditions": []
            },
            {
              "function": "minecraft:set_name",
              "entity": "this",
              "name": {
                "text": "Silver Ingot",
                "bold": false,
                "italic": false
              }
            }
          ]
        }
      ],
      "rolls": 1.0
    }
  ],
  "random_sequence": "odyssey:archaeology/dig_site_rare"
}
