{
  "type": "minecraft:archaeology",
  "pools": [
    {
      "bonus_rolls": 0.0,
      "entries": [
        {
          "type": "minecraft:item",
          "name": "minecraft:stick"
        },

        {
          "type": "minecraft:item",
          "name": "minecraft:emerald"
        },
        {
          "type": "minecraft:item",
          "name": "minecraft:diamond"
        },
        {
          "type": "minecraft:item",
          "name": "minecraft:gold_nugget"
        },
        {
          "type": "minecraft:item",
          "name": "minecraft:clay_ball"
        },
        {
          "type": "minecraft:item",
          "name": "minecraft:iron_ingot"
        },
        {
          "type": "minecraft:item",
          "name": "minecraft:iron_sword"
        },
        {
          "type": "minecraft:item",
          "name": "minecraft:iron_pickaxe"
        },
        {
          "type": "minecraft:loot_table",
          "value": "odyssey:item/ruby",
          "weight": 1
        },
        {
          "type": "minecraft:loot_table",
          "value": "odyssey:item/kunzite",
          "weight": 1
        },
        {
          "type": "minecraft:loot_table",
          "value": "odyssey:item/alexandrite",
          "weight": 1
        },
        {
          "type": "minecraft:loot_table",
          "value": "odyssey:item/jade",
          "weight": 1
        },
        {
          "type": "minecraft:loot_table",
          "value": "odyssey:item/silver_ingot",
          "weight": 1
        }
      ],
      "rolls": 1.0
    }
  ],
  "random_sequence": "odyssey:archaeology/dig_site"
}
