{
  "type": "minecraft:archaeology",
  "random_sequence": "odyssey:archaeology/runic_ruins_rare",
  "pools": [
    {
      "bonus_rolls": 0.0,
      "entries": [
        {
          "type": "minecraft:item",
          "name": "minecraft:brick",
          "functions": [
            {
              "function": "set_components",
              "components": {
                "minecraft:custom_model_data": 6905632
              },
              "conditions": []
            }
          ]
        }
      ],
      "rolls": 1.0
    }
  ]
}
