{
    "parent": "odyssey:odyssey/root",
    "display": {
      "frame": "task",
      "hidden": false,
      "announce_to_chat": true,
      "show_toast": true,
      "icon": {
        "item": "minecraft:enchanted_book",
        "nbt": "{CustomModelData:6906066,odyssey:{item:'gilded_book'}}"
      },
      "title": {
        "translate": "Gilded Touch"
      },
      "description": {
        "translate": "Use the Smithing Table and a gold nugget to apply one gilded enchant onto an gilded empty slot"
      }
    },
    "criteria": {
      "requirement": {
        "trigger": "minecraft:impossible",
        "conditions": {}
      }
    }
  }
  