{
    "parent": "odyssey:odyssey/root",
    "display": {
      "frame": "task",
      "hidden": false,
      "announce_to_chat": true,
      "show_toast": true,
      "icon": {
        "item": "minecraft:potion",
        "nbt": "{CustomModelData:6905317,odyssey:{item:'pearshape_potion'}}"
      },
      "title": {
        "translate": "What is this Witchcraft?"
      },
      "description": {
        "translate": "Use a boiling Cauldron to brew a new type of potion"
      }
    },
    "criteria": {
      "requirement": {
        "trigger": "minecraft:impossible",
        "conditions": {}
      }
    }
  }
  