{
  "parent": "odyssey:odyssey/root",
  "display": {
    "frame": "task",
    "hidden": false,
    "announce_to_chat": true,
    "show_toast": true,
    "icon": {
      "item": "minecraft:iron_ingot",
      "nbt": "{CustomModelData:6906618,odyssey:{item:'soul_steel_ingot'}}"
    },
    "title": {
      "translate": "Heart and Soul!"
    },
    "description": {
      "translate": "Create a Soul Steel Ingot by throwing raw iron into soul fire surrounded by sculk"
    }
  },
  "criteria": {
    "requirement": {
      "trigger": "minecraft:impossible",
      "conditions": {}
    }
  }
}
