{
    "parent": "odyssey:odyssey/enchant_a_tome",
    "display": {
      "frame": "task",
      "hidden": false,
      "announce_to_chat": true,
      "show_toast": true,
      "icon": {
        "item": "minecraft:enchanted_book",
        "nbt": "{CustomModelData:6906067,odyssey:{item:'tome_of_discharge'}}"
      },
      "title": {
        "translate": "Curses ****"
      },
      "description": {
        "translate": "Use a Discharge Tome and a prismarine crystal to remove a curse"
      }
    },
    "criteria": {
      "requirement": {
        "trigger": "minecraft:impossible",
        "conditions": {}
      }
    }
  }
  