{
    "parent": "odyssey:odyssey/root",
    "display": {
      "frame": "task",
      "hidden": false,
      "announce_to_chat": true,
      "show_toast": true,
      "icon": {
        "item": "minecraft:book",
        "nbt": "{CustomModelData:6905501,odyssey:{item:'arcane_book'}}"
      },
      "title": {
        "translate": "Home to Tome"
      },
      "description": {
        "translate": "Enchant an Arcane Book in the enchanting table to get a tome"
      }
    },
    "criteria": {
      "requirement": {
        "trigger": "minecraft:impossible",
        "conditions": {}
      }
    }
  }
  