{
  "display": {
      "frame": "task",
      "hidden": false,
      "announce_to_chat": false,
      "show_toast": false,
      "icon": {
        "item": "minecraft:recovery_compass"
      },
      "title": {
        "translate": "Odyssey - Story"
      },
      "description": {
          "translate": "An Odyssey Awaits!"
      },
      "background": "minecraft:textures/gui/advancements/backgrounds/stone.png"
  },
  "criteria": {
    "crafting_table": {
      "conditions": {
        "items": [
          {
            "items": [
              "minecraft:crafting_table"
            ]
          }
        ]
      },
      "trigger": "minecraft:inventory_changed"
    }
  },
  "requirements": [
    [
      "crafting_table"
    ]
  ]
}