{
    "parent": "odyssey:odyssey/convert_soul_steel",
    "display": {
      "frame": "goal",
      "hidden": false,
      "announce_to_chat": true,
      "show_toast": true,
      "icon": {
        "item": "minecraft:copper_ingot",
        "nbt": "{CustomModelData:6906646,odyssey:{item:'soul_steel_upgrade_template'}}"
      },
      "title": {
        "translate": "Souless Savant"
      },
      "description": {
        "translate": "Craft a Soul Steel tool using a Soul Steel Ingot and Upgrade Template"
      }
    },
    "criteria": {
      "requirement": {
        "trigger": "minecraft:impossible",
        "conditions": {}
      }
    }
  }
  