{
  "type": "minecraft:flower",
  "config": {
    "feature": {
      "feature": {
        "type": "minecraft:simple_block",
        "config": {
          "to_place": {
            "type": "minecraft:weighted_state_provider",
            "entries": [
              {
                "data": {
                  "Name": "minecraft:white_tulip"
                },
                "weight": 5
              },
              {
                "data": {
                  "Name": "minecraft:pink_tulip"
                },
                "weight": 9
              },
              {
                "data": {
                  "Name": "minecraft:allium"
                },
                "weight": 3
              }
            ]
          }
        }
      },
      "placement": [
        {
          "type": "minecraft:block_predicate_filter",
          "predicate": {
            "type": "minecraft:matching_blocks",
            "blocks": "minecraft:air"
          }
        }
      ]
    },
    "tries": 96,
    "xz_spread": 6,
    "y_spread": 2
  }
}
