{
  "type": "minecraft:tree",
  "config": {
    "decorators": [],
    "force_dirt": false,
    "ignore_vines": true,
    "minimum_size": {
      "type": "minecraft:two_layers_feature_size",
      "limit": 1,
      "lower_size": 0,
      "upper_size": 1
    },
    "dirt_provider": {
      "type": "minecraft:simple_state_provider",
      "state": {
        "Name": "minecraft:rooted_dirt"
      }
    },
    "trunk_provider": {
      "type": "minecraft:simple_state_provider",
      "state": {
        "Name": "minecraft:dark_oak_wood",
        "Properties": {
          "axis": "y"
        }
      }
    },
    "trunk_placer": {
      "type": "minecraft:forking_trunk_placer",
      "base_height": 7,
      "height_rand_a": 5,
      "height_rand_b": 3
    },
    "foliage_provider": {
      "type": "minecraft:weighted_state_provider",
      "entries": [
        {
          "data": {
            "Name": "minecraft:azalea_leaves"
          },
          "weight": 10
        },
        {
          "data": {
            "Name": "minecraft:flowering_azalea_leaves"
          },
          "weight": 2
        }
      ]
    },
    "foliage_placer": {
      "type": "minecraft:acacia_foliage_placer",
      "height": 2,
      "offset": 1,
      "radius": 3
    }
  }
}
