{
  "type": "minecraft:random_selector",
  "config": {
    "features": [
      {
        "chance": 0.1,
        "feature": "odyssey:inazuma/tree_small_birchfork"
      },
      {
        "chance": 0.1,
        "feature": "odyssey:inazuma/tree_tall_azaleafork"
      },
      {
        "chance": 0.4,
        "feature": "odyssey:inazuma/tree_fancy_sakura"
      },
      {
        "chance": 0.2,
        "feature": "odyssey:inazuma/tree_tall_purplefork"
      },
      {
        "chance": 0.2,
        "feature": "odyssey:inazuma/tree_fancy_purple"
      }
    ],
    "default": {
      "feature": "odyssey:inazuma/tree_tall_purplefork",
      "placement": []
    }
  }
}
