{
  "type": "minecraft:tree",
  "config": {
    "decorators": [],
    "force_dirt": false,
    "ignore_vines": true,
    "minimum_size": {
      "type": "minecraft:two_layers_feature_size",
      "limit": 1,
      "lower_size": 0,
      "upper_size": 2
    },
    "dirt_provider": {
      "type": "minecraft:simple_state_provider",
      "state": {
        "Name": "minecraft:rooted_dirt"
      }
    },
    "trunk_provider": {
      "type": "minecraft:simple_state_provider",
      "state": {
        "Name": "minecraft:warped_stem",
        "Properties": {
          "axis": "y"
        }
      }
    },
    "trunk_placer": {
      "type": "minecraft:fancy_trunk_placer",
      "base_height": 15,
      "height_rand_a": 6,
      "height_rand_b": 4
    },
    "foliage_provider": {
      "type": "minecraft:weighted_state_provider",
      "entries": [
        {
          "data": {
            "Name": "minecraft:dark_oak_leaves"
          },
          "weight": 30
        },
        {
          "data": {
            "Name": "minecraft:oak_leaves"
          },
          "weight": 3
        }
      ]
    },
    "foliage_placer": {
      "type": "minecraft:pine_foliage_placer",
      "height": 4,
      "offset": 3,
      "radius": 4
    }
  }
}
