{
  "type": "minecraft:tree",
  "config": {
    "decorators": [
      {
        "type": "minecraft:beehive",
        "fixed_height": false,
        "probability": 0.05
      }
    ],
    "dirt_provider": {
      "type": "minecraft:simple_state_provider",
      "state": {
        "Name": "minecraft:dirt"
      }
    },
    "foliage_placer": {
      "type": "minecraft:acacia_foliage_placer",
      "offset": 0,
      "radius": {
        "type": "minecraft:uniform",
        "max_inclusive": 4,
        "min_inclusive": 3
      }
    },
    "foliage_provider": {
      "type": "minecraft:simple_state_provider",
      "state": {
        "Name": "minecraft:mangrove_leaves",
        "Properties": {
          "distance": "7",
          "persistent": "false",
          "waterlogged": "false"
        }
      }
    },
    "force_dirt": false,
    "ignore_vines": true,
    "minimum_size": {
      "type": "minecraft:two_layers_feature_size",
      "limit": 3,
      "lower_size": 0,
      "upper_size": 2
    },
    "trunk_placer": {
      "type": "minecraft:upwards_branching_trunk_placer",
      "base_height": 32,
      "can_grow_through": "#minecraft:logs",
      "extra_branch_length": {
        "type": "minecraft:uniform",
        "max_inclusive": 1,
        "min_inclusive": 0
      },
      "extra_branch_steps": {
        "type": "minecraft:uniform",
        "max_inclusive": 10,
        "min_inclusive": 1
      },
      "height_rand_a": 1,
      "height_rand_b": 20,
      "megabush": false,
      "place_branch_per_log_probability": 0.4
    },
    "trunk_provider": {
      "type": "minecraft:simple_state_provider",
      "state": {
        "Name": "minecraft:birch_log",
        "Properties": {
          "axis": "y"
        }
      }
    }
  }
}
