{
    "name": "template_occurrence",
    "type": "lunar",
    "negatable_by_allay": true,
    "requirements": [
        {
            "type": "needs_season",
            "entries": [
                "WINTER"
            ]
        },
        {
            "type": "needs_time",
            "entries": [
                "NIGHT"
            ]
        },
        {
            "type": "needs_structure",
            "entries": [
                "minecraft:village",
                "IDK bout this"
            ]
        }
        
    ],
    "criteria": {
        "is_high_and_wet": [
            {
                "type": "within_height",
                "min": -12,
                "max": 122
            },
            {
                "type": "is_wet",
                "in_rain": true,
                "in_water": true
            }

        ],
        "near_temple": [

        ]
    },
    "persistent_actions": [
        {
            "criteria_name": "is_high_and_wet",
            "entries": [
                {
                    "type": "apply_potion_effect",
                    "potions": [
                        "Slow"
                    ]
                },
                {
                    "type": "apply_freeze",
                    "amount": 4
                }
            ]
        }
    ],
    "spawning_actions": [
    ],
    "one_time_action": [
    ]
}