{
  "type": "minecraft:random_patch",
  "config": {
    "feature": {
      "feature": {
        "type": "minecraft:simple_block",
        "config": {
          "to_place": {
            "type": "minecraft:weighted_state_provider",
            "entries": [
              {
                "data": {
                  "Name": "minecraft:pumpkin"
                },
                "weight": 7
              },
              {
                "data": {
                  "Name": "minecraft:torchflower"
                },
                "weight": 2
              }
            ]
          }
        }
      },
      "placement": [
        {
          "type": "minecraft:block_predicate_filter",
          "predicate": {
            "type": "minecraft:all_of",
            "predicates": [
              {
                "type": "minecraft:matching_blocks",
                "blocks": "minecraft:air"
              },
              {
                "type": "minecraft:matching_blocks",
                "blocks": [
                  "minecraft:rooted_dirt",
                  "minecraft:crimson_nylium",
                  "minecraft:podzol",
                  "minecraft:dirt",
                  "minecraft:grass_block",
                  "minecraft:coarse_dirt"
                ],
                "offset": [
                  0,
                  -1,
                  0
                ]
              }
            ]
          }
        }
      ]
    },
    "tries": 52,
    "xz_spread": 5,
    "y_spread": 3
  }
}
