{
  "type": "minecraft:tree",
  "config": {
    "decorators": [
      {
        "type": "minecraft:attached_to_leaves",
        "probability": 0.4,
        "exclusion_radius_xz": 0,
        "exclusion_radius_y": 0,
        "required_empty_blocks": 1,
        "block_provider": {
          "type": "minecraft:weighted_state_provider",
          "entries": [
            {
              "data": {
                "Name": "minecraft:weeping_vines",
                "Properties": {
                  "age": "23"
                }
              },
              "weight": 8
            },
            {
              "data": {
                "Name": "minecraft:weeping_vines",
                "Properties": {
                  "age": "24"
                }
              },
              "weight": 8
            },
            {
              "data": {
                "Name": "minecraft:shroomlight"
              },
              "weight": 2
            }
          ]
        },
        "directions": [
          "down"
        ]
      }
    ],
    "force_dirt": false,
    "ignore_vines": true,
    "minimum_size": {
      "type": "minecraft:two_layers_feature_size",
      "limit": 1,
      "lower_size": 0,
      "upper_size": 1
    },
    "dirt_provider": {
      "type": "minecraft:simple_state_provider",
      "state": {
        "Name": "minecraft:rooted_dirt"
      }
    },
    "trunk_provider": {
      "type": "minecraft:simple_state_provider",
      "state": {
        "Name": "minecraft:acacia_wood",
        "Properties": {
          "axis": "y"
        }
      }
    },
    "trunk_placer": {
      "type": "minecraft:cherry_trunk_placer",
      "base_height": 6,
      "branch_count": {
        "type": "minecraft:weighted_list",
        "distribution": [
          {
            "data": 1,
            "weight": 5
          },
          {
            "data": 2,
            "weight": 7
          },
          {
            "data": 3,
            "weight": 1
          }
        ]
      },
      "branch_end_offset_from_top": {
        "type": "minecraft:uniform",
        "value": {
          "max_inclusive": 2,
          "min_inclusive": -1
        }
      },
      "branch_horizontal_length": {
        "type": "minecraft:uniform",
        "value": {
          "max_inclusive": 4,
          "min_inclusive": 2
        }
      },
      "branch_start_offset_from_top": {
        "max_inclusive": -2,
        "min_inclusive": -4
      },
      "height_rand_a": 5,
      "height_rand_b": 3
    },
    "foliage_provider": {
      "type": "minecraft:simple_state_provider",
      "state": {
        "Name": "minecraft:red_mushroom_block"
      }
    },
    "foliage_placer": {
      "type": "minecraft:acacia_foliage_placer",
      "height": 1,
      "offset": 0,
      "radius": 2
    }
  }
}
