{
  "type": "minecraft:tree",
  "config": {
    "decorators": [
      {
        "type": "minecraft:attached_to_leaves",
        "probability": 0.3,
        "exclusion_radius_xz": 0,
        "exclusion_radius_y": 0,
        "required_empty_blocks": 1,
        "block_provider": {
          "type": "minecraft:weighted_state_provider",
          "entries": [
            {
              "data": {
                "Name": "minecraft:hanging_roots"
              },
              "weight": 21
            },
            {
              "data": {
                "Name": "minecraft:shroomlight"
              },
              "weight": 3
            }
          ]
        },
        "directions": [
          "down"
        ]
      }
    ],
    "force_dirt": false,
    "ignore_vines": true,
    "minimum_size": {
      "type": "minecraft:two_layers_feature_size",
      "limit": 2,
      "lower_size": 0,
      "upper_size": 2
    },
    "dirt_provider": {
      "type": "minecraft:simple_state_provider",
      "state": {
        "Name": "minecraft:rooted_dirt"
      }
    },
    "trunk_provider": {
      "type": "minecraft:simple_state_provider",
      "state": {
        "Name": "minecraft:mushroom_stem",
        "Properties": {
          "axis": "y"
        }
      }
    },
    "trunk_placer": {
      "type": "minecraft:straight_trunk_placer",
      "base_height": 7,
      "height_rand_a": 3,
      "height_rand_b": 1
    },
    "foliage_provider": {
      "type": "minecraft:simple_state_provider",
      "state": {
        "Name": "minecraft:mangrove_roots"
      }
    },
    "foliage_placer": {
      "type": "minecraft:jungle_foliage_placer",
      "height": 0,
      "offset": 0,
      "radius": 1
    }
  }
}
