{
  "type": "minecraft:tree",
  "config": {
    "decorators": [
      {
        "type": "minecraft:attached_to_leaves",
        "probability": 0.05,
        "exclusion_radius_xz": 0,
        "exclusion_radius_y": 0,
        "required_empty_blocks": 1,
        "block_provider": {
          "type": "minecraft:simple_state_provider",
          "state": {
            "Name": "minecraft:glow_lichen",
            "Properties": {
              "up": "true"
            }
          }
        },
        "directions": [
          "down"
        ]
      },
      {
        "type": "minecraft:attached_to_leaves",
        "probability": 0.05,
        "exclusion_radius_xz": 0,
        "exclusion_radius_y": 0,
        "required_empty_blocks": 1,
        "block_provider": {
          "type": "minecraft:simple_state_provider",
          "state": {
            "Name": "minecraft:glow_lichen",
            "Properties": {
              "down": "true"
            }
          }
        },
        "directions": [
          "up"
        ]
      },
      {
        "type": "minecraft:attached_to_leaves",
        "probability": 0.05,
        "exclusion_radius_xz": 0,
        "exclusion_radius_y": 0,
        "required_empty_blocks": 1,
        "block_provider": {
          "type": "minecraft:simple_state_provider",
          "state": {
            "Name": "minecraft:glow_lichen",
            "Properties": {
              "north": "true"
            }
          }
        },
        "directions": [
          "south"
        ]
      },
      {
        "type": "minecraft:attached_to_leaves",
        "probability": 0.05,
        "exclusion_radius_xz": 0,
        "exclusion_radius_y": 0,
        "required_empty_blocks": 1,
        "block_provider": {
          "type": "minecraft:simple_state_provider",
          "state": {
            "Name": "minecraft:glow_lichen",
            "Properties": {
              "east": "true"
            }
          }
        },
        "directions": [
          "west"
        ]
      },
      {
        "type": "minecraft:attached_to_leaves",
        "probability": 0.05,
        "exclusion_radius_xz": 0,
        "exclusion_radius_y": 0,
        "required_empty_blocks": 1,
        "block_provider": {
          "type": "minecraft:simple_state_provider",
          "state": {
            "Name": "minecraft:glow_lichen",
            "Properties": {
              "south": "true"
            }
          }
        },
        "directions": [
          "north"
        ]
      },
      {
        "type": "minecraft:attached_to_leaves",
        "probability": 0.05,
        "exclusion_radius_xz": 0,
        "exclusion_radius_y": 0,
        "required_empty_blocks": 1,
        "block_provider": {
          "type": "minecraft:simple_state_provider",
          "state": {
            "Name": "minecraft:glow_lichen",
            "Properties": {
              "west": "true"
            }
          }
        },
        "directions": [
          "east"
        ]
      }
    ],
    "force_dirt": false,
    "ignore_vines": true,
    "minimum_size": {
      "type": "minecraft:two_layers_feature_size",
      "limit": 2,
      "lower_size": 0,
      "upper_size": 2
    },
    "dirt_provider": {
      "type": "minecraft:simple_state_provider",
      "state": {
        "Name": "minecraft:mangrove_roots"
      }
    },
    "root_placer": {
      "type": "minecraft:mangrove_root_placer",
      "above_root_placement": {
        "above_root_placement_chance": 0.15,
        "above_root_provider": {
          "type": "minecraft:simple_state_provider",
          "state": {
            "Name": "minecraft:cobweb"
          }
        }
      },
      "mangrove_root_placement": {
        "can_grow_through": "#minecraft:mangrove_roots_can_grow_through",
        "max_root_length": 7,
        "max_root_width": 5,
        "muddy_roots_in": [
          "minecraft:mud",
          "minecraft:muddy_mangrove_roots"
        ],
        "muddy_roots_provider": {
          "type": "minecraft:simple_state_provider",
          "state": {
            "Name": "minecraft:muddy_mangrove_roots",
            "Properties": {
              "axis": "y"
            }
          }
        },
        "random_skew_chance": 0.2
      },
      "root_provider": {
        "type": "minecraft:simple_state_provider",
        "state": {
          "Name": "minecraft:mangrove_roots",
          "Properties": {
            "waterlogged": "false"
          }
        }
      },
      "trunk_offset_y": {
        "type": "minecraft:uniform",
        "value": {
          "max_inclusive": 3,
          "min_inclusive": 2
        }
      }
    },
    "trunk_provider": {
      "type": "minecraft:simple_state_provider",
      "state": {
        "Name": "minecraft:spruce_log",
        "Properties": {
          "axis": "y"
        }
      }
    },
    "trunk_placer": {
      "type": "minecraft:straight_trunk_placer",
      "base_height": 8,
      "height_rand_a": 5,
      "height_rand_b": 3
    },
    "foliage_provider": {
      "type": "minecraft:simple_state_provider",
      "state": {
        "Name": "minecraft:spruce_leaves",
        "Properties": {
          "persistent": "true",
          "distance": "7"
        }
      }
    },
    "foliage_placer": {
      "type": "minecraft:spruce_foliage_placer",
      "radius": {
        "type": "minecraft:uniform",
        "value": {
          "min_inclusive": 2,
          "max_inclusive": 3
        }
      },
      "offset": {
        "type": "minecraft:uniform",
        "value": {
          "min_inclusive": 0,
          "max_inclusive": 2
        }
      },
      "trunk_height": {
        "type": "minecraft:uniform",
        "value": {
          "min_inclusive": 4,
          "max_inclusive": 5
        }
      }
    }
  }
}
