{
  "type": "minecraft:random_selector",
  "config": {
    "features": [
      {
        "chance": 0.1,
        "feature": "odyssey:mutated/tree_pine_adapted"
      },
      {
        "chance": 0.22,
        "feature": "odyssey:mutated/tree_rooted_adapted"
      },
      {
        "chance": 0.18,
        "feature": "odyssey:mutated/shroom_skyroot"
      },
      {
        "chance": 0.18,
        "feature": "odyssey:mutated/shroom_weep"
      }
    ],
    "default": {
      "feature": "odyssey:mutated/tree_pine_adapted",
      "placement": []
    }
  }
}
