{
  "type": "minecraft:random_selector",
  "config": {
    "features": [
      {
        "chance": 0.33,
        "feature": "odyssey:hoh_rainforest/tree_hemlock"
      },
      {
        "chance": 0.37,
        "feature": "odyssey:hoh_rainforest/tree_tall_spruce"
      },
      {
        "chance": 0.3,
        "feature": "odyssey:hoh_rainforest/tree_cottonwood"
      }
    ],
    "default": {
      "feature": "odyssey:hoh_rainforest/tree_hemlock",
      "placement": []
    }
  }
}
