{
  "type": "minecraft:tree",
  "config": {
    "decorators": [],
    "force_dirt": false,
    "ignore_vines": true,
    "minimum_size": {
      "type": "minecraft:two_layers_feature_size",
      "limit": 1,
      "lower_size": 0,
      "upper_size": 1
    },
    "dirt_provider": {
      "type": "minecraft:simple_state_provider",
      "state": {
        "Name": "minecraft:rooted_dirt"
      }
    },
    "trunk_provider": {
      "type": "minecraft:simple_state_provider",
      "state": {
        "Name": "minecraft:stripped_spruce_log",
        "Properties": {
          "axis": "y"
        }
      }
    },
    "trunk_placer": {
      "type": "minecraft:straight_trunk_placer",
      "base_height": 13,
      "height_rand_a": 4,
      "height_rand_b": 3
    },
    "foliage_provider": {
      "type": "minecraft:simple_state_provider",
      "state": {
        "Name": "minecraft:spruce_leaves",
        "Properties": {
          "distance": "7",
          "persistent": "false",
          "waterlogged": "false"
        }
      }
    },
    "foliage_placer": {
      "type": "minecraft:mega_pine_foliage_placer",
      "crown_height": {
        "type": "minecraft:clamped_normal",
        "deviation": 2,
        "min_inclusive": 6,
        "max_inclusive": 8,
        "mean": 6
      },
      "offset": {
        "type": "minecraft:uniform",
        "min_inclusive": 1,
        "max_inclusive": 3
      },
      "radius": 1
    }
  }
}
