{
  "display": {
    "frame": "task",
    "hidden": false,
    "announce_to_chat": false,
    "show_toast": false,
    "icon": {
      "count": 1,
      "id": "minecraft:smithing_table"
    },
    "title": {
      "translate": "Smithing"
    },
    "description": {
      "translate": "Smithing is more than creating weapons. It is about epic and cool weapons."
    },
    "background": "minecraft:textures/gui/advancements/backgrounds/stone.png"
  },
  "criteria": {
    "smithing_table": {
      "conditions": {
        "items": [
          {
            "items": [
              "minecraft:smithing_table"
            ]
          }
        ]
      },
      "trigger": "minecraft:inventory_changed"
    }
  },
  "requirements": [
    [
      "smithing_table"
    ]
  ]
}
