{
    "type": "minecraft:block_column",
    "config": {
      "layers": [
        {
          "height": {
            "type": "minecraft:weighted_list",
            "distribution": [
              {
                "data": {
                  "type": "minecraft:uniform",
                  "value": {
                    "min_inclusive": 1,
                    "max_inclusive": 3
                  }
                },
                "weight": 5
              },
              {
                "data": {
                  "type": "minecraft:uniform",
                  "value": {
                    "min_inclusive": 2,
                    "max_inclusive": 5
                  }
                },
                "weight": 3
              }
            ]
          },
          "provider": {
            "type": "minecraft:weighted_state_provider",
            "entries": [
              {
                "data": {
                  "Properties": {
                    "berries": "false"
                  },
                  "Name": "minecraft:cave_vines_plant"
                },
                "weight": 5
              },
              {
                "data": {
                  "Properties": {
                    "berries": "true"
                  },
                  "Name": "minecraft:cave_vines_plant"
                },
                "weight": 1
              }
            ]
          }
        },
        {
          "height": 1,
          "provider": {
            "source": {
              "entries": [
                {
                  "data": {
                    "Properties": {
                      "berries": "false",
                      "age": "0"
                    },
                    "Name": "minecraft:cave_vines"
                  },
                  "weight": 5
                },
                {
                  "data": {
                    "Properties": {
                      "berries": "true",
                      "age": "0"
                    },
                    "Name": "minecraft:cave_vines"
                  },
                  "weight": 1
                }
              ],
              "type": "minecraft:weighted_state_provider"
            },
            "property": "age",
            "values": {
              "type": "minecraft:uniform",
              "value": {
                "min_inclusive": 23,
                "max_inclusive": 25
              }
            },
            "type": "minecraft:randomized_int_state_provider"
          }
        }
      ],
      "direction": "down",
      "allowed_placement": {
        "blocks": [
          "minecraft:air"
        ],
        "type": "minecraft:matching_blocks"
      },
      "prioritize_tip": true
    }
  }
  