{
  "type": "minecraft:random_patch",
  "config": {
    "feature": {
      "feature": {
        "type": "minecraft:simple_block",
        "config": {
          "to_place": {
            "type": "minecraft:simple_state_provider",
            "state": {
              "Name": "minecraft:water",
              "Properties": {
                "level": "0"
              }
            }
          }
        }
      },
      "placement": [
        {
          "type": "block_predicate_filter",
          "predicate": {
            "type": "minecraft:all_of",
            "predicates": [
              {
                "type": "minecraft:matching_blocks",
                "blocks": [
                  "minecraft:grass_block"
                ]
              },
              {
                "type": "minecraft:matching_blocks",
                "offset": [
                  0,
                  1,
                  0
                ],
                "blocks": [
                  "minecraft:air"
                ]
              },
              {
                "type": "not",
                "predicate": {
                  "type": "any_of",
                  "predicates": [
                    {
                      "type": "minecraft:matching_blocks",
                      "blocks": [
                        "minecraft:air"
                      ],
                      "offset": [
                        1,
                        0,
                        0
                      ]
                    },
                    {
                      "type": "minecraft:matching_blocks",
                      "blocks": [
                        "minecraft:air"
                      ],
                      "offset": [
                        -1,
                        0,
                        0
                      ]
                    },
                    {
                      "type": "minecraft:matching_blocks",
                      "blocks": [
                        "minecraft:air"
                      ],
                      "offset": [
                        0,
                        0,
                        1
                      ]
                    },
                    {
                      "type": "minecraft:matching_blocks",
                      "blocks": [
                        "minecraft:air"
                      ],
                      "offset": [
                        0,
                        0,
                        -1
                      ]
                    }
                  ]
                }
              }
            ]
          }
        }
      ]
    },
    "tries": 60,
    "xz_spread": 3,
    "y_spread": 1
  }
}
