{
  "has_precipitation": true,
  "temperature": 0.6,
  "downfall": 0.6,
  "player_spawn_friendly": false,
  "creature_spawn_probability": 0.4,
  "carvers": {
    "air": [
      "minecraft:cave",
      "minecraft:cave_extra_underground",
      "minecraft:canyon"
    ]
  },
  "effects": {
    "sky_color": 0,
    "fog_color": 0,
    "water_color": 1983131,
    "water_fog_color": 1983131,
    "foliage_color": 3445513,
    "grass_color": 8702997,
    "grass_color_modifier": "none",
    "particle": {
      "options": {
        "type": "minecraft:sculk_charge_pop"
      },
      "probability": 0.001
    },
    "music": {
      "sound": {
        "sound_id": "odyssey:music.dimension.edge"
      },
      "min_delay": 6000,
      "max_delay": 12000,
      "replace_current_music": false
    },
    "additions_sound": {
      "sound": "minecraft:ambient.crimson_forest.additions",
      "tick_chance": 0.0111
    },
    "mood_sound": {
      "sound": "minecraft:ambient.cave",
      "tick_delay": 6000,
      "block_search_extent": 8,
      "offset": 2.0
    }
  },
  "features": [
    [],
    [],
    [
      "minecraft:amethyst_geode",
      "odyssey:generic/diamond_geode"
    ],
    [
      "minecraft:monster_room",
      "minecraft:monster_room_deep"
    ],
    [],
    [],
    [
      "minecraft:ore_coal_upper",
      "minecraft:ore_coal_lower",
      "minecraft:ore_iron_upper",
      "minecraft:ore_iron_middle",
      "minecraft:ore_iron_small",
      "minecraft:ore_gold",
      "minecraft:ore_gold_lower",
      "minecraft:ore_redstone",
      "minecraft:ore_redstone_lower",
      "minecraft:ore_diamond",
      "minecraft:ore_diamond_large",
      "minecraft:ore_lapis",
      "minecraft:ore_copper"
    ],
    [],
    [],
    [
      "minecraft:glow_lichen",
      "odyssey:cave/darklight/trees_cave"
    ],
    []
  ],
  "spawn_costs": {},
  "spawners": {
    "ambient": [],
    "axolotls": [],
    "creature": [],
    "misc": [],
    "monster": [],
    "underground_water_creature": [
      {
        "type": "minecraft:glow_squid",
        "maxCount": 6,
        "minCount": 4,
        "weight": 10
      }
    ],
    "water_ambient": [],
    "water_creature": []
  }
}
