{
    "type": "minecraft:flower",
    "config": {
      "feature": {
        "feature": {
          "type": "minecraft:simple_block",
          "config": {
            "to_place": {
              "type": "minecraft:weighted_state_provider",
              "entries": [
                {
                  "data": {
                    "Name": "minecraft:allium"
                  },
                  "weight": 4
                },
                {
                  "data": {
                    "Name": "minecraft:small_amethyst_bud"
                  },
                  "weight": 3
                },
                {
                  "data": {
                    "Name": "minecraft:medium_amethyst_bud"
                  },
                  "weight": 5
                },
                {
                  "data": {
                    "Name": "minecraft:large_amethyst_bud"
                  },
                  "weight": 4
                },
                {
                  "data": {
                    "Name": "minecraft:pitcher_plant"
                  },
                  "weight": 3
                },
                {
                  "data": {
                    "Name": "minecraft:blue_orchid"
                  },
                  "weight": 5
                }
              ]
            }
          }
        },
        "placement": [
          {
            "type": "minecraft:block_predicate_filter",
            "predicate": {
              "type": "minecraft:matching_blocks",
              "blocks": "minecraft:air"
            }
          }
        ]
      },
      "tries": 96,
      "xz_spread": 9,
      "y_spread": 2
    }
  }