{
	"feature": "odyssey:mutated/trees",
	"placement": [
		{
			"type": "count",
			"count": 11
		},
		{
			"type": "minecraft:in_square"
		},
		{
			"type": "heightmap",
			"heightmap": "WORLD_SURFACE"
		},
		{
			"type": "minecraft:block_predicate_filter",
			"predicate": {
				"type": "minecraft:matching_blocks",
				"offset": [
					0,
					-1,
					0
				],
				"blocks": [
					"minecraft:grass_block",
					"minecraft:dirt",
					"minecraft:coarse_dirt",
                    "minecraft:crimson_nylium",
					"minecraft:podzol",
					"minecraft:rooted_dirt"
				]
			}
		},
		{
			"type": "minecraft:biome"
		}
	]
}
