{
    "type": "minecraft:tree",
    "config": {
      "decorators": [
        {
          "type": "minecraft:beehive",
          "probability": 0.003
        }
      ],
      "force_dirt": false,
      "ignore_vines": true,
      "minimum_size": {
        "type": "minecraft:two_layers_feature_size",
        "limit": 1,
        "lower_size": 0,
        "upper_size": 2
      },
      "dirt_provider": {
        "type": "minecraft:simple_state_provider",
        "state": {
          "Name": "minecraft:rooted_dirt"
        }
      },
      "trunk_provider": {
        "type": "minecraft:simple_state_provider",
        "state": {
          "Name": "minecraft:birch_log",
          "Properties": {
            "axis": "y"
          }
        }
      },
      "trunk_placer": {
        "type": "minecraft:straight_trunk_placer",
        "base_height": 11,
        "height_rand_a": 4,
        "height_rand_b": 1
      },
      "foliage_provider": {
        "type": "minecraft:simple_state_provider",
        "state": {
          "Name": "minecraft:spruce_leaves",
          "Properties": {
            "distance": "7",
            "persistent": "true",
            "waterlogged": "false"
          }
        }
      },
      "foliage_placer": {
        "type": "minecraft:cherry_foliage_placer",
        "corner_hole_chance": 0.25,
        "hanging_leaves_chance": 0.55,
        "hanging_leaves_extension_chance": 0.3,
        "height": 5,
        "offset": 1,
        "radius": 3,
        "wide_bottom_layer_hole_chance": 0.15
      }
    }
  }
  