{
    "feature": "odyssey:chocolate_hills/mound",
    "placement": [
      {
        "type": "minecraft:rarity_filter",
        "chance": 5
      },
      {
        "type": "minecraft:in_square"
      },
      {
        "type": "minecraft:height_range",
        "height": {
          "type": "minecraft:uniform",
          "min_inclusive": {
            "absolute": 60
          },
          "max_inclusive": {
            "absolute": 90
          }
        }
      },
      {
        "type": "minecraft:environment_scan",
        "direction_of_search": "up",
        "max_steps": 32,
        "target_condition": {
          "type": "minecraft:all_of",
          "predicates": [
            {
              "type": "minecraft:matching_blocks",
              "offset": [
                0,
                1,
                0
              ],
              "blocks": [
                "minecraft:air"
              ]
            },
            {
              "type": "minecraft:matching_blocks",
              "offset": [
                0,
                0,
                0
              ],
              "blocks": [
                "minecraft:air"
              ]
            },
            {
              "type": "not",
              "predicate": {
                "type": "any_of",
                "predicates": [
                  {
                    "type": "minecraft:matching_blocks",
                    "blocks": "minecraft:black_concrete_powder",
                    "offset": [
                      1,
                      0,
                      0
                    ]
                  },
                  {
                    "type": "minecraft:matching_blocks",
                    "blocks": "minecraft:black_concrete_powder",
                    "offset": [
                      -1,
                      0,
                      0
                    ]
                  },
                  {
                    "type": "minecraft:matching_blocks",
                    "blocks": "minecraft:black_concrete_powder",
                    "offset": [
                      0,
                      0,
                      1
                    ]
                  },
                  {
                    "type": "minecraft:matching_blocks",
                    "blocks": "minecraft:black_concrete_powder",
                    "offset": [
                      0,
                      0,
                      -1
                    ]
                  }
                ]
              }
            }
          ]
        }
      },
      {
        "type": "minecraft:biome"
      },
      {
        "type": "minecraft:heightmap",
        "heightmap": "WORLD_SURFACE_WG"
      },
      {
        "type": "environment_scan",
        "direction_of_search": "down",
        "max_steps": 6,
        "target_condition": {
          "type": "minecraft:all_of",
          "predicates": [
            {
              "type": "minecraft:matching_blocks",
              "offset": [
                0,
                3,
                0
              ],
              "blocks": [
                "minecraft:dirt",
                "minecraft:coarse_dirt",
                "minecraft:grass_block",
                "minecraft:stone"
              ]
            },
            {
              "type": "minecraft:matching_blocks",
              "offset": [
                0,
                2,
                0
              ],
              "blocks": [
                "minecraft:dirt",
                "minecraft:stone"
              ]
            },
            {
              "type": "minecraft:matching_blocks",
              "offset": [
                0,
                1,
                0
              ],
              "blocks": [
                "minecraft:dirt",
                "minecraft:stone"
              ]
            },
            {
              "type": "not",
              "predicate": {
                "type": "any_of",
                "predicates": [
                  {
                    "type": "minecraft:matching_blocks",
                    "blocks": "minecraft:water",
                    "offset": [
                      1,
                      0,
                      0
                    ]
                  },
                  {
                    "type": "minecraft:matching_blocks",
                    "blocks": "minecraft:water",
                    "offset": [
                      -1,
                      0,
                      0
                    ]
                  },
                  {
                    "type": "minecraft:matching_blocks",
                    "blocks": "minecraft:water",
                    "offset": [
                      0,
                      0,
                      1
                    ]
                  },
                  {
                    "type": "minecraft:matching_blocks",
                    "blocks": "minecraft:water",
                    "offset": [
                      0,
                      0,
                      -1
                    ]
                  }
                ]
              }
            }
          ]
        }
      }
    ]
  }
  