{
  "type": "minecraft:random_patch",
  "config": {
    "feature": {
      "feature": {
        "type": "minecraft:simple_block",
        "config": {
          "to_place": {
            "type": "minecraft:weighted_state_provider",
            "entries": [
              {
                "data": {
                  "Name": "minecraft:muddy_mangrove_roots",
                  "Properties": {
                    "axis": "y"
                  }
                },
                "weight": 2
              },
              {
                "data": {
                  "Name": "minecraft:muddy_mangrove_roots",
                  "Properties": {
                    "axis": "x"
                  }
                },
                "weight": 5
              },
              {
                "data": {
                  "Name": "minecraft:muddy_mangrove_roots",
                  "Properties": {
                    "axis": "z"
                  }
                },
                "weight": 5
              }
            ]
          }
        }
      },
      "placement": [
        {
          "type": "minecraft:block_predicate_filter",
          "predicate": {
            "type": "minecraft:matching_blocks",
            "blocks": [
              "minecraft:grass_block",
              "minecraft:mud",
              "minecraft:dirt"
            ]
          }
        }
      ]
    },
    "tries": 30,
    "xz_spread": 6,
    "y_spread": 1
  }
}
