{
  "type": "minecraft:random_selector",
  "config": {
    "features": [],
    "default": {
      "feature": {
        "type": "simple_block",
        "config": {
          "to_place": {
            "type": "minecraft:simple_state_provider",
            "state": {
              "Name": "minecraft:water",
              "Properties": {
                "level": "0"
              }
            }
          }
        }
      },
      "placement": [
        {
          "type": "count",
          "count": {
            "type": "minecraft:uniform",
            "max_inclusive": 20,
            "min_inclusive": 10
          }
        },
        {
          "type": "minecraft:random_offset",
          "xz_spread": {
            "type": "minecraft:uniform",
            "min_inclusive": 0,
            "max_inclusive": 5
          },
          "y_spread": {
            "type": "minecraft:uniform",
            "min_inclusive": -1,
            "max_inclusive": 1
          }
        },
        {
          "type": "block_predicate_filter",
          "predicate": {
            "type": "minecraft:all_of",
            "predicates": [
              {
                "type": "minecraft:matching_blocks",
                "blocks": "minecraft:mud"
              },
              {
                "type": "minecraft:matching_blocks",
                "offset": [
                  0,
                  1,
                  0
                ],
                "blocks": [
                  "minecraft:cave_air",
                  "minecraft:air"
                ]
              },
              {
                "type": "not",
                "predicate": {
                  "type": "any_of",
                  "predicates": [
                    {
                      "type": "minecraft:matching_blocks",
                      "blocks": [
                        "minecraft:dirt",
                        "minecraft:grass_block",
                        "minecraft:air"
                      ],
                      "offset": [
                        1,
                        0,
                        0
                      ]
                    },
                    {
                      "type": "minecraft:matching_blocks",
                      "blocks": [
                        "minecraft:dirt",
                        "minecraft:grass_block",
                        "minecraft:air"
                      ],
                      "offset": [
                        -1,
                        0,
                        0
                      ]
                    },
                    {
                      "type": "minecraft:matching_blocks",
                      "blocks": [
                        "minecraft:dirt",
                        "minecraft:grass_block",
                        "minecraft:air"
                      ],
                      "offset": [
                        0,
                        0,
                        1
                      ]
                    },
                    {
                      "type": "minecraft:matching_blocks",
                      "blocks": [
                        "minecraft:dirt",
                        "minecraft:grass_block",
                        "minecraft:air"
                      ],
                      "offset": [
                        0,
                        0,
                        -1
                      ]
                    }
                  ]
                }
              }
            ]
          }
        }
      ]
    }
  }
}
