{
    "feature": "odyssey:danakil/disk_red_sandstone",
    "placement": [ 
      {
        "type": "minecraft:count",
        "count": {
          "type": "uniform",
          "value": {
            "max_inclusive": 10,
            "min_inclusive": 8
          }
        }
      },
      {
        "type": "minecraft:in_square"
      },
      {
        "type": "minecraft:heightmap",
        "heightmap": "WORLD_SURFACE_WG"
      },
      {
        "type": "minecraft:biome"
      }
    ]
  }