{
    "feature": "odyssey:danakil/mounds",
    "placement": [
      {
        "type": "rarity_filter",
        "chance": 2
      },
      {
        "type": "count",
        "count": 3
      },
      {
        "type": "minecraft:in_square"
      },
      {
        "type": "heightmap",
        "heightmap": "WORLD_SURFACE"
      },
      {
        "type": "minecraft:block_predicate_filter",
        "predicate": {
          "type": "minecraft:matching_blocks",
          "offset": [
            0, -1, 0
          ],
          "blocks": [
            "minecraft:smooth_red_sandstone",
            "minecraft:orange_terracotta"
          ]
        }
      },
      {
        "type": "minecraft:biome"
      }
    ]
  }
  