{
    "feature": "odyssey:danakil/rock_granite",
    "placement": [
      {
        "type": "minecraft:count",
        "count": 2
      },
      {
        "type": "minecraft:in_square"
      },
      {
        "type": "minecraft:heightmap",
        "heightmap": "WORLD_SURFACE_WG"
      },
      {
        "type": "minecraft:block_predicate_filter",
        "predicate": {
          "type": "minecraft:matching_blocks",
          "offset": [
            0, -1, 0
          ],
          "blocks": [
            "minecraft:smooth_red_sandstone",
            "minecraft:orange_terracotta",
            "minecraft:granite"
          ]
        }
      },
      {
        "type": "minecraft:biome"
      }
    ]
  }