{
    "type": "minecraft:flower",
    "config": {
      "feature": {
        "feature": {
          "type": "minecraft:simple_block",
          "config": {
            "to_place": {
              "type": "minecraft:weighted_state_provider",
              "entries": [
                {
                  "data": {
                    "Name": "minecraft:oxeye_daisy"
                  },
                  "weight": 5
                },
                {
                  "data": {
                    "Name": "minecraft:white_tulip"
                  },
                  "weight": 4
                },
                {
                  "data": {
                    "Name": "minecraft:red_tulip"
                  },
                  "weight": 6
                },
                {
                  "data": {
                    "Name": "minecraft:orange_tulip"
                  },
                  "weight": 6
                }
              ]
            }
          }
        },
        "placement": [
          {
            "type": "minecraft:block_predicate_filter",
            "predicate": {
              "type": "minecraft:matching_blocks",
              "blocks": "minecraft:air"
            }
          }
        ]
      },
      "tries": 70,
      "xz_spread": 8,
      "y_spread": 2
    }
  }
  