{
    "type": "minecraft:random_selector",
    "config": {
      "features": [],
      "default": {
        "feature": {
          "type": "simple_block",
          "config": {
            "to_place": {
              "type": "minecraft:simple_state_provider",
              "state": {
                "Name": "minecraft:water",
                "Properties": {
                  "level": "0"
                }
              }
            }
          }
        },
        "placement": [
          {
            "type": "count",
            "count": {
              "type": "minecraft:uniform",
              "value": {
                "max_inclusive": 16,
                "min_inclusive": 16
              }
            }
          },
          {
            "type": "minecraft:random_offset",
            "xz_spread": {
              "type": "minecraft:uniform",
              "value": {
                "min_inclusive": -3,
                "max_inclusive": 3
              }
            },
            "y_spread": 0
          },
          {
            "type": "block_predicate_filter",
            "predicate": {
              "type": "minecraft:all_of",
              "predicates": [
                {
                  "type": "minecraft:matching_blocks",
                  "blocks": [
                    "minecraft:lime_terracotta",
                    "minecraft:azalea_leaves"
                  ]
                },
                {
                  "type": "not",
                  "predicate": {
                    "type": "any_of",
                    "predicates": [
                      {
                        "type": "minecraft:matching_blocks",
                        "blocks": [
                          "minecraft:dirt",
                          "minecraft:grass_block",
                          "minecraft:air"
                        ],
                        "offset": [
                          1,
                          0,
                          0
                        ]
                      },
                      {
                        "type": "minecraft:matching_blocks",
                        "blocks": [
                          "minecraft:dirt",
                          "minecraft:grass_block",
                          "minecraft:air"
                        ],
                        "offset": [
                          -1,
                          0,
                          0
                        ]
                      },
                      {
                        "type": "minecraft:matching_blocks",
                        "blocks": [
                          "minecraft:dirt",
                          "minecraft:grass_block",
                          "minecraft:air"
                        ],
                        "offset": [
                          0,
                          0,
                          1
                        ]
                      },
                      {
                        "type": "minecraft:matching_blocks",
                        "blocks": [
                          "minecraft:dirt",
                          "minecraft:grass_block",
                          "minecraft:air"
                        ],
                        "offset": [
                          0,
                          0,
                          -1
                        ]
                      },
                      {
                        "type": "minecraft:matching_blocks",
                        "blocks": [
                          "minecraft:dirt",
                          "minecraft:grass_block",
                          "minecraft:air"
                        ],
                        "offset": [
                          1,
                          0,
                          1
                        ]
                      },
                      {
                        "type": "minecraft:matching_blocks",
                        "blocks": [
                          "minecraft:dirt",
                          "minecraft:grass_block",
                          "minecraft:air"
                        ],
                        "offset": [
                          1,
                          0,
                          -1
                        ]
                      },
                      {
                        "type": "minecraft:matching_blocks",
                        "blocks": [
                          "minecraft:dirt",
                          "minecraft:grass_block",
                          "minecraft:air"
                        ],
                        "offset": [
                          -1,
                          0,
                          1
                        ]
                      },
                      {
                        "type": "minecraft:matching_blocks",
                        "blocks": [
                          "minecraft:dirt",
                          "minecraft:grass_block",
                          "minecraft:air"
                        ],
                        "offset": [
                          -1,
                          0,
                          -1
                        ]
                      }
                    ]
                  }
                }
              ]
            }
          }
        ]
      }
    }
  }
  