{
  "type": "minecraft:random_patch",
  "config": {
    "feature": {
      "feature": {
        "type": "minecraft:simple_block",
        "config": {
          "to_place": {
            "type": "minecraft:weighted_state_provider",
            "entries": [
              {
                "data": {
                  "Name": "minecraft:muddy_mangrove_roots",
                  "Properties": {
                    "axis": "x"
                  }
                },
                "weight": 2
              },
              {
                "data": {
                  "Name": "minecraft:muddy_mangrove_roots",
                  "Properties": {
                    "axis": "y"
                  }
                },
                "weight": 2
              },
              {
                "data": {
                  "Name": "minecraft:muddy_mangrove_roots",
                  "Properties": {
                    "axis": "z"
                  }
                },
                "weight": 2
              }
            ]
          }
        }
      },
      "placement": [
        {
          "type": "block_predicate_filter",
          "predicate": {
            "type": "minecraft:all_of",
            "predicates": [
              {
                "type": "minecraft:matching_blocks",
                "blocks": [
                  "minecraft:grass_block",
                  "minecraft:dirt"
                ]
              },
              {
                "type": "not",
                "predicate": {
                  "type": "minecraft:matching_fluids",
                  "fluids": "minecraft:water"
                }
              },
              {
                "type": "minecraft:matching_blocks",
                "offset": [
                  0,
                  1,
                  0
                ],
                "blocks": [
                  "minecraft:cave_air",
                  "minecraft:air"
                ]
              }
            ]
          }
        }
      ]
    },
    "tries": 80,
    "xz_spread": 4,
    "y_spread": 2
  }
}
