{
  "type": "minecraft:random_selector",
  "config": {
    "features": [],
    "default": {
      "feature": {
        "type": "simple_block",
        "config": {
          "to_place": {
            "type": "minecraft:simple_state_provider",
            "state": {
              "Name": "minecraft:azalea_leaves",
              "Properties": {
                "level": "0",
                "persistent": "true",
                "waterlogged": "true"
              }
            }
          }
        }
      },
      "placement": [
        {
          "type": "count",
          "count": {
            "type": "minecraft:uniform",
            "value": {
              "max_inclusive": 20,
              "min_inclusive": 10
            }
          }
        },
        {
          "type": "minecraft:random_offset",
          "xz_spread": {
            "type": "minecraft:uniform",
            "value": {
              "min_inclusive": -5,
              "max_inclusive": 5
            }
          },
          "y_spread": {
            "type": "minecraft:uniform",
            "value": {
              "min_inclusive": -1,
              "max_inclusive": 1
            }
          }
        },
        {
          "type": "block_predicate_filter",
          "predicate": {
            "type": "minecraft:all_of",
            "predicates": [
              {
                "type": "minecraft:matching_blocks",
                "blocks": "minecraft:water",
                "offset": [
                  0,
                  0,
                  0
                ]
              },
              {
                "type": "not",
                "predicate": {
                  "type": "any_of",
                  "predicates": [
                    {
                      "type": "minecraft:matching_blocks",
                      "blocks": [
                        "minecraft:dirt",
                        "minecraft:grass_block",
                        "minecraft:air",
                        "minecraft:red_sand"
                      ],
                      "offset": [
                        1,
                        0,
                        0
                      ]
                    },
                    {
                      "type": "minecraft:matching_blocks",
                      "blocks": [
                        "minecraft:dirt",
                        "minecraft:grass_block",
                        "minecraft:air",
                        "minecraft:red_sand"
                      ],
                      "offset": [
                        -1,
                        0,
                        0
                      ]
                    },
                    {
                      "type": "minecraft:matching_blocks",
                      "blocks": [
                        "minecraft:dirt",
                        "minecraft:grass_block",
                        "minecraft:air",
                        "minecraft:red_sand"
                      ],
                      "offset": [
                        0,
                        0,
                        1
                      ]
                    },
                    {
                      "type": "minecraft:matching_blocks",
                      "blocks": [
                        "minecraft:dirt",
                        "minecraft:grass_block",
                        "minecraft:air",
                        "minecraft:red_sand"
                      ],
                      "offset": [
                        0,
                        0,
                        -1
                      ]
                    }
                  ]
                }
              },
              {
                "type": "any_of",
                "predicates": [
                  {
                    "type": "minecraft:matching_blocks",
                    "blocks": [
                      "minecraft:moss_block"
                    ],
                    "offset": [
                      1,
                      0,
                      0
                    ]
                  },
                  {
                    "type": "minecraft:matching_blocks",
                    "blocks": [
                      "minecraft:moss_block"
                    ],
                    "offset": [
                      -1,
                      0,
                      0
                    ]
                  },
                  {
                    "type": "minecraft:matching_blocks",
                    "blocks": [
                      "minecraft:moss_block"
                    ],
                    "offset": [
                      0,
                      0,
                      1
                    ]
                  },
                  {
                    "type": "minecraft:matching_blocks",
                    "blocks": [
                      "minecraft:moss_block"
                    ],
                    "offset": [
                      0,
                      0,
                      -1
                    ]
                  },
                  {
                    "type": "minecraft:matching_blocks",
                    "blocks": [
                      "minecraft:moss_block"
                    ],
                    "offset": [
                      1,
                      0,
                      1
                    ]
                  },
                  {
                    "type": "minecraft:matching_blocks",
                    "blocks": [
                      "minecraft:moss_block"
                    ],
                    "offset": [
                      1,
                      0,
                      -1
                    ]
                  },
                  {
                    "type": "minecraft:matching_blocks",
                    "blocks": [
                      "minecraft:moss_block"
                    ],
                    "offset": [
                      -1,
                      0,
                      1
                    ]
                  },
                  {
                    "type": "minecraft:matching_blocks",
                    "blocks": [
                      "minecraft:moss_block"
                    ],
                    "offset": [
                      -1,
                      0,
                      -1
                    ]
                  }
                ]
              }
            ]
          }
        }
      ]
    }
  }
}
