{
  "type": "minecraft:tree",
  "config": {
    "decorators": [],
    "force_dirt": false,
    "ignore_vines": true,
    "minimum_size": {
      "type": "minecraft:two_layers_feature_size",
      "limit": 1,
      "lower_size": 0,
      "upper_size": 2
    },
    "dirt_provider": {
      "type": "minecraft:simple_state_provider",
      "state": {
        "Name": "minecraft:rooted_dirt"
      }
    },
    "trunk_provider": {
      "type": "minecraft:simple_state_provider",
      "state": {
        "Name": "minecraft:mangrove_wood"
      }
    },
    "trunk_placer": {
      "type": "minecraft:cherry_trunk_placer",
      "base_height": 10,
      "branch_count": {
        "type": "minecraft:weighted_list",
        "distribution": [
          {
            "data": 1,
            "weight": 0
          },
          {
            "data": 2,
            "weight": 8
          },
          {
            "data": 3,
            "weight": 6
          }
        ]
      },
      "branch_end_offset_from_top": {
        "type": "minecraft:uniform",
        "value": {
          "max_inclusive": 1,
          "min_inclusive": -1
        }
      },
      "branch_horizontal_length": {
        "type": "minecraft:uniform",
        "value": {
          "max_inclusive": 3,
          "min_inclusive": 2
        }
      },
      "branch_start_offset_from_top": {
        "max_inclusive": -1,
        "min_inclusive": -3
      },
      "height_rand_a": 4,
      "height_rand_b": 2
    },
    "foliage_provider": {
      "type": "minecraft:simple_state_provider",
      "state": {
        "Name": "minecraft:birch_leaves",
        "Properties": {
          "distance": "7",
          "persistent": "false",
          "waterlogged": "false"
        }
      }
    },
    "foliage_placer": {
      "type": "minecraft:cherry_foliage_placer",
      "corner_hole_chance": 0.45,
      "hanging_leaves_chance": 0.65,
      "hanging_leaves_extension_chance": 0.65,
      "height": 4,
      "offset": 1,
      "radius": 4,
      "wide_bottom_layer_hole_chance": 0.35
    }
  }
}
