{
    "type": "minecraft:random_selector",
    "config": {
      "features": [
        {
          "chance": 0.36,
          "feature": "odyssey:pantanal/tree_blob"
        },
        {
          "chance": 0.33,
          "feature": "odyssey:pantanal/tree_fancy"
        },
        {
          "chance": 0.31,
          "feature": "odyssey:pantanal/tree_straight"
        }
      ],
      "default": {
        "feature": "odyssey:pantanal/tree_straight",
        "placement": []
      }
    }
}
  