{
  "parent": "odyssey:odyssey/apply_odyssey_enchant",
  "criteria": {
    "all_melee_enchants": {
      "trigger": "minecraft:impossible",
      "conditions": {}
    },
    "all_ranged_enchants": {
      "trigger": "minecraft:impossible",
      "conditions": {}
    },
    "all_armor_enchants": {
      "trigger": "minecraft:impossible",
      "conditions": {}
    },
    "all_misc_enchants": {
      "trigger": "minecraft:impossible",
      "conditions": {}
    },
    "all_treasure_enchants": {
      "trigger": "minecraft:impossible",
      "conditions": {}
    }
  },
  "display": {
    "frame": "challenge",
    "hidden": false,
    "announce_to_chat": true,
    "show_toast": true,
    "icon": {
      "count": 1,
      "id": "minecraft:book",
      "components": {
        "minecraft:enchantment_glint_override": true
      }
    },
    "title": {
      "translate": "Enchanting Hoarder Grand Wizard Artificer Battlemage Prodigy"
    },
    "description": {
      "translate": "Have every Odyssey enchantment stored as a book."
    }
  },
  "requirements": [
    [
      "all_melee_enchants"
    ],
    [
      "all_ranged_enchants"
    ],
    [
      "all_armor_enchants"
    ],
    [
      "all_misc_enchants"
    ],
    [
      "all_treasure_enchants"
    ]
  ]
}
