{
  "parent": "odyssey:odyssey/root",
  "display": {
    "frame": "task",
    "hidden": false,
    "announce_to_chat": true,
    "show_toast": true,
    "icon": {
      "count": 1,
      "id": "minecraft:iron_ingot",
      "components": {
        "minecraft:custom_model_data": 6906618,
        "minecraft:item_name": "soul_steel_ingot"
      }
    },
    "title": {
      "translate": "Heart and Soul!"
    },
    "description": {
      "translate": "Create a Soul Steel Ingot by throwing raw iron into soul fire surrounded by sculk."
    }
  },
  "criteria": {
    "requirement": {
      "trigger": "minecraft:impossible",
      "conditions": {}
    }
  }
}
