{
  "parent": "odyssey:odyssey/find_a_dig_site",
  "display": {
    "frame": "task",
    "hidden": false,
    "announce_to_chat": true,
    "show_toast": true,
    "icon": {
      "count": 1,
      "id": "minecraft:brick",
      "components": {
        "minecraft:custom_model_data": 6901453,
        "minecraft:item_name": "assault_runesherd"
      }
    },
    "title": {
      "translate": "Ryze was here"
    },
    "description": {
      "translate": "Dig up a runesherd found at a ruined base."
    }
  },
  "criteria": {
    "requirement": {
      "trigger": "minecraft:impossible",
      "conditions": {}
    }
  }
}
