{
  "parent": "odyssey:odyssey/find_biome",
  "display": {
    "frame": "challenge",
    "hidden": false,
    "announce_to_chat": true,
    "show_toast": true,
    "icon": {
      "count": 1,
      "id": "minecraft:filled_map",
      "components": {
        "minecraft:enchantment_glint_override": true
      }
    },
    "title": {
      "translate": "Insert Sean Bean Quote"
    },
    "description": {
      "translate": "Discover all Odyssey overworld biomes!"
    }
  },
  "criteria": {
    "odyssey:aspen_forest": {
      "conditions": {
        "player": [
          {
            "condition": "minecraft:entity_properties",
            "entity": "this",
            "predicate": {
              "location": {
                "biomes": "odyssey:aspen_forest"
              }
            }
          }
        ]
      },
      "trigger": "minecraft:location"
    },
    "odyssey:bayou": {
      "conditions": {
        "player": [
          {
            "condition": "minecraft:entity_properties",
            "entity": "this",
            "predicate": {
              "location": {
                "biomes": "odyssey:bayou"
              }
            }
          }
        ]
      },
      "trigger": "minecraft:location"
    },
    "odyssey:chocolate_hills": {
      "conditions": {
        "player": [
          {
            "condition": "minecraft:entity_properties",
            "entity": "this",
            "predicate": {
              "location": {
                "biomes": "odyssey:chocolate_hills"
              }
            }
          }
        ]
      },
      "trigger": "minecraft:location"
    },
    "odyssey:cypress_grove": {
      "conditions": {
        "player": [
          {
            "condition": "minecraft:entity_properties",
            "entity": "this",
            "predicate": {
              "location": {
                "biomes": "odyssey:cypress_grove"
              }
            }
          }
        ]
      },
      "trigger": "minecraft:location"
    },
    "odyssey:danakil": {
      "conditions": {
        "player": [
          {
            "condition": "minecraft:entity_properties",
            "entity": "this",
            "predicate": {
              "location": {
                "biomes": "odyssey:danakil"
              }
            }
          }
        ]
      },
      "trigger": "minecraft:location"
    },
    "odyssey:grand_teton": {
      "conditions": {
        "player": [
          {
            "condition": "minecraft:entity_properties",
            "entity": "this",
            "predicate": {
              "location": {
                "biomes": "odyssey:grand_teton"
              }
            }
          }
        ]
      },
      "trigger": "minecraft:location"
    },
    "odyssey:hoh_rainforest": {
      "conditions": {
        "player": [
          {
            "condition": "minecraft:entity_properties",
            "entity": "this",
            "predicate": {
              "location": {
                "biomes": "odyssey:hoh_rainforest"
              }
            }
          }
        ]
      },
      "trigger": "minecraft:location"
    },
    "odyssey:jurassic_heights": {
      "conditions": {
        "player": [
          {
            "condition": "minecraft:entity_properties",
            "entity": "this",
            "predicate": {
              "location": {
                "biomes": "odyssey:jurassic_heights"
              }
            }
          }
        ]
      },
      "trigger": "minecraft:location"
    },
    "odyssey:marsh": {
      "conditions": {
        "player": [
          {
            "condition": "minecraft:entity_properties",
            "entity": "this",
            "predicate": {
              "location": {
                "biomes": "odyssey:marsh"
              }
            }
          }
        ]
      },
      "trigger": "minecraft:location"
    },
    "odyssey:mutated_forest": {
      "conditions": {
        "player": [
          {
            "condition": "minecraft:entity_properties",
            "entity": "this",
            "predicate": {
              "location": {
                "biomes": "odyssey:mutated_forest"
              }
            }
          }
        ]
      },
      "trigger": "minecraft:location"
    },
    "odyssey:pantanal": {
      "conditions": {
        "player": [
          {
            "condition": "minecraft:entity_properties",
            "entity": "this",
            "predicate": {
              "location": {
                "biomes": "odyssey:pantanal"
              }
            }
          }
        ]
      },
      "trigger": "minecraft:location"
    },
    "odyssey:redwood_forest": {
      "conditions": {
        "player": [
          {
            "condition": "minecraft:entity_properties",
            "entity": "this",
            "predicate": {
              "location": {
                "biomes": "odyssey:redwood_forest"
              }
            }
          }
        ]
      },
      "trigger": "minecraft:location"
    },
    "odyssey:sierra": {
      "conditions": {
        "player": [
          {
            "condition": "minecraft:entity_properties",
            "entity": "this",
            "predicate": {
              "location": {
                "biomes": "odyssey:sierra"
              }
            }
          }
        ]
      },
      "trigger": "minecraft:location"
    },
    "odyssey:tsingy": {
      "conditions": {
        "player": [
          {
            "condition": "minecraft:entity_properties",
            "entity": "this",
            "predicate": {
              "location": {
                "biomes": "odyssey:tsingy"
              }
            }
          }
        ]
      },
      "trigger": "minecraft:location"
    },
    "odyssey:zhangjiajie": {
      "conditions": {
        "player": [
          {
            "condition": "minecraft:entity_properties",
            "entity": "this",
            "predicate": {
              "location": {
                "biomes": "odyssey:zhangjiajie"
              }
            }
          }
        ]
      },
      "trigger": "minecraft:location"
    }
  },
  "requirements": [
    [
      "odyssey:aspen_forest"
    ],
    [
      "odyssey:bayou"
    ],
    [
      "odyssey:chocolate_hills"
    ],
    [
      "odyssey:cypress_grove"
    ],
    [
      "odyssey:danakil"
    ],
    [
      "odyssey:grand_teton"
    ],
    [
      "odyssey:hoh_rainforest"
    ],
    [
      "odyssey:jurassic_heights"
    ],
    [
      "odyssey:marsh"
    ],
    [
      "odyssey:mutated_forest"
    ],
    [
      "odyssey:pantanal"
    ],
    [
      "odyssey:redwood_forest"
    ],
    [
      "odyssey:sierra"
    ],
    [
      "odyssey:tsingy"
    ],
    [
      "odyssey:zhangjiajie"
    ]
  ]
}
