{
  "parent": "odyssey:odyssey/find_biome",
  "criteria": {
    "find_digsite": {
      "conditions": {
        "player": [
          {
            "condition": "minecraft:entity_properties",
            "entity": "this",
            "predicate": {
              "location": {
                "structures": "odyssey:dig_site"
              }
            }
          }
        ]
      },
      "trigger": "minecraft:location"
    }
  },
  "display": {
    "announce_to_chat": true,
    "description": {
      "translate": "Find an abandoned dig site."
    },
    "frame": "goal",
    "hidden": false,
    "icon": {
      "count": 1,
      "id": "minecraft:coarse_dirt"
    },
    "show_toast": true,
    "title": {
      "translate": "Dirt and Gravel"
    }
  },
  "requirements": [
    ["find_digsite"]
  ]
}
