{
  "parent": "odyssey:odyssey/root",
  "criteria": {
    "find_obelisk": {
      "conditions": {
        "player": [
          {
            "condition": "minecraft:entity_properties",
            "entity": "this",
            "predicate": {
              "location": {
                "structures": "odyssey:obelisk"
              }
            }
          }
        ]
      },
      "trigger": "minecraft:location"
    }
  },
  "display": {
    "announce_to_chat": true,
    "description": {
      "translate": "Find a mysterious tall stone obelisk."
    },
    "frame": "goal",
    "hidden": false,
    "icon": {
      "count": 1,
      "id": "minecraft:chiseled_tuff_bricks",
      "components": {
        "minecraft:enchantment_glint_override": true
      }
    },
    "show_toast": true,
    "title": {
      "translate": "The Tormentor"
    }
  },
  "requirements": [
    ["find_obelisk"]
  ]
}
