{
  "display": {
    "frame": "task",
    "hidden": false,
    "announce_to_chat": false,
    "show_toast": false,
    "icon": {
      "count": 1,
      "id": "minecraft:recovery_compass"
    },
    "title": {
      "translate": "Odyssey"
    },
    "description": {
      "translate": "An Odyssey Awaits!"
    },
    "background": "odyssey:textures/gui/advancements/backgrounds/tuff.png"
  },
  "criteria": {
    "crafting_table": {
      "conditions": {
        "items": [
          {
            "items": [
              "minecraft:crafting_table"
            ]
          }
        ]
      },
      "trigger": "minecraft:inventory_changed"
    }
  },
  "requirements": [
    [
      "crafting_table"
    ]
  ]
}
