{
  "parent": "odyssey:odyssey/smith_titanium",
  "display": {
    "frame": "goal",
    "hidden": false,
    "announce_to_chat": true,
    "show_toast": true,
    "icon": {
      "count": 1,
      "id": "minecraft:paper",
      "components": {
        "minecraft:custom_model_data": 6906505,
        "minecraft:item_name": "iridium_upgrade_template"
      }
    },
    "title": {
      "translate": "Where is Concerned Ape?"
    },
    "description": {
      "translate": "Create an Iridium tool using an Iridium Ingot from an Ominous Trial Chamber and an Upgrade Template."
    }
  },
  "criteria": {
    "requirement": {
      "trigger": "minecraft:impossible",
      "conditions": {}
    }
  }
}
