{
    "pools": [
      {
        "rolls": 1,
        "entries": [
          {
            "type": "minecraft:item",
            "name": "minecraft:diamond_shovel",
            "functions": [
              {
                "function": "minecraft:set_lore",
                "lore": [
                  {
                    "translate": "GET_WEAPON_TYPE",
                    "color": "FFFFFF",
                    "italic": true
                  },
                  {
                    "translate": "Spear",
                    "color": "REPLACE",
                    "italic": true
                  }
                ],
                "replace": true
              },
              {
                "function": "minecraft:set_nbt",
                "tag": "{CustomModelData:6900000,odyssey:{item:'diamond_halberd'}}"
              },
              {
                "function": "minecraft:set_name",
                "name": {
                  "translate": "Diamond Halberd",
                  "color": "REPLACE",
                  "italic": false
                }
              },
              {
                "function": "minecraft:set_attributes",
                "modifiers": [
                  {
                    "attribute": "minecraft:generic.attack_speed",
                    "name": "base_attack_speed",
                    "amount": -4.0,
                    "operation": "addition",
                    "slot": "mainhand",
                    "id": "FA233E1C-4180-4865-B01B-BCCE9565ACA3"
                  },
                  {
                    "attribute": "minecraft:generic.attack_damage",
                    "name": "odyssey_attack_damage",
                    "amount": 7.5,
                    "operation": "addition",
                    "slot": "mainhand",
                    "id": "CB3F55D3-645C-4F38-A497-9C13A34DB5CF"
                  },
                  {
                    "attribute": "minecraft:generic.attack_speed",
                    "name": "odyssey_attack_speed",
                    "amount": 0.8,
                    "operation": "addition",
                    "slot": "mainhand",
                    "id": "FA233E1C-4180-4865-B01B-BCCE9985ACA3"
                  }
                ]
              }
            ]
          }
        ]
      }
    ]
}