{
    "feature": "odyssey:bayou/coast_mud",
    "placement": [ 
      {
        "type": "minecraft:count",
        "count": 64
      },
      {
        "type": "minecraft:in_square"
      },
      {
        "type": "minecraft:noise_based_count",
        "noise_to_count_ratio": 1,
        "noise_factor": 150,
        "noise_offset": 1
      },
      {
        "type": "minecraft:heightmap",
        "heightmap": "OCEAN_FLOOR_WG"
      },
      {
        "type": "minecraft:biome"
      }
    ]
  }