{
    "feature": "odyssey:bayou/glow_vines",
    "placement": [
      {
        "type": "minecraft:count",
        "count": 256
      },
      {
        "type": "minecraft:in_square"
      },
      {
        "type": "minecraft:height_range",
        "height": {
          "type": "minecraft:uniform",
          "min_inclusive": {
            "absolute": 64
          },
          "max_inclusive": {
            "absolute": 86
          }
        }
      },
      {
        "type": "minecraft:environment_scan",
        "direction_of_search": "up",
        "max_steps": 32,
        "target_condition": {
          "type": "minecraft:matching_blocks",
          "offset": [
            0,
            1,
            0
          ],
          "blocks": [
            "minecraft:mangrove_wood",
            "minecraft:mangrove_log",
            "minecraft:stripped_dark_oak_wood",
            "minecraft:stripped_dark_oak_log"
          ]
        }
      },
      {
        "type": "minecraft:biome"
      }
    ]
  }
  