{
	"feature": "odyssey:bayou/trees",
	"placement": [
		{
			"type": "count",
			"count": 19
		},
		{
			"type": "minecraft:in_square"
		},
		{
			"type": "heightmap",
			"heightmap": "OCEAN_FLOOR"
		},
        {
            "type": "minecraft:height_range",
            "height": {
                "type": "minecraft:uniform",
                "min_inclusive": {
					"absolute": 58
				},
				"max_inclusive": {
					"absolute": 64
				}
            }
        },
		{
			"type": "minecraft:block_predicate_filter",
			"predicate": {
				"type": "minecraft:matching_blocks",
				"offset": [
					0,
					-1,
					0
				],
				"blocks": [
					"minecraft:mud",
					"minecraft:dirt",
                    "minecraft:grass_block",
                    "minecraft:dripstone_block",
					"minecraft:sand",
					"minecraft:gravel",
					"minecraft:clay"
				]
			}
		},
		{
			"type": "minecraft:biome"
		}
	]
}
