{
    "type": "minecraft:tree",
    "config": {
      "decorators": [],
      "force_dirt": false,
      "ignore_vines": true,
      "minimum_size": {
        "type": "minecraft:two_layers_feature_size",
        "limit": 1,
        "lower_size": 0,
        "upper_size": 1
      },
      "dirt_provider": {
        "type": "minecraft:simple_state_provider",
        "state": {
          "Name": "minecraft:rooted_dirt"
        }
      },
      "trunk_provider": {
        "type": "minecraft:simple_state_provider",
        "state": {
          "Name": "minecraft:birch_log",
          "Properties": {
            "axis": "y"
          }
        }
      },
      "trunk_placer": {
        "type": "minecraft:straight_trunk_placer",
        "base_height": 11,
        "height_rand_a": 3,
        "height_rand_b": 1
      },
      "foliage_provider": {
        "type": "minecraft:simple_state_provider",
        "state": {
          "Name": "minecraft:acacia_leaves",
          "Properties": {
            "distance": "7",
            "persistent": "false",
            "waterlogged": "false"
          }
        }
      },
      "foliage_placer": {
        "type": "minecraft:spruce_foliage_placer",
        "offset": 2,
        "radius": 1,
        "trunk_height": {
          "type": "minecraft:uniform",
          "value": {
            "max_inclusive": 6,
            "min_inclusive": 5
          }
        }
      }
    }
}