{
    "parent": "odyssey:smithing/sword/tracker_root",
    "criteria": {
      "craft_stone_claymore": {
        "conditions": {
          "ingredients": [
            {
              "item": {}
            }
          ],
          "recipe_id":"odyssey:weapons/stone_claymore"
        },
        "trigger": "minecraft:recipe_crafted"
      }
    },
    "display": {
      "announce_to_chat": false,
      "description": {
        "translate": "advancments.odyssey.smithing.sword.craft_claymore.description"
      },
      "frame": "task",
      "hidden": false,
      "icon": {
        "count": 1,
        "id": "minecraft:diamond_sword",
        "components": {
          "minecraft:custom_model_data": 6905745,
          "minecraft:item_name": "diamond_claymore"
        }
      },
      "show_toast": true,
      "title": {
        "translate": "advancments.odyssey.smithing.sword.craft_claymore.title"
      }
    },
    "requirements": [
      [
        "craft_stone_claymore"
      ]
    ]
}