{
  "parent": "odyssey:smithing/sword/tracker_root",
  "criteria": {
    "craft_katana": {
      "conditions": {
        "ingredients": [
          {
            "item": {}
          }
        ],
        "recipe_id":"odyssey:weapons/stone_katana"
      },
      "trigger": "minecraft:recipe_crafted"
    }
  },
  "display": {
    "announce_to_chat": false,
    "description": {
      "translate": "advancments.odyssey.smithing.sword.craft_katana.description"
    },
    "frame": "task",
    "hidden": false,
    "icon": {
      "count": 1,
      "id": "minecraft:diamond_sword",
      "components": {
        "minecraft:custom_model_data": 6905744
      }
    },
    "show_toast": true,
    "title": {
      "translate": "advancments.odyssey.smithing.sword.craft_katana.title"
    }
  },
  "requirements": [
    [
      "craft_katana"
    ]
  ]
}