{
  "parent": "odyssey:smithing/sword/tracker_root",
  "criteria": {
    "craft_saber": {
      "conditions": {
        "ingredients": [
          {
            "item": {}
          }
        ],
        "recipe_id":"odyssey:weapons/stone_saber"
      },
      "trigger": "minecraft:recipe_crafted"
    }
  },
  "display": {
    "announce_to_chat": false,
    "description": {
      "translate": "advancments.odyssey.smithing.sword.craft_saber.description"
    },
    "frame": "task",
    "hidden": false,
    "icon": {
      "count": 1,
      "id": "minecraft:diamond_sword",
      "components": {
        "minecraft:custom_model_data": 6905749
      }
    },
    "show_toast": true,
    "title": {
      "translate": "advancments.odyssey.smithing.sword.craft_saber.title"
    }
  },
  "requirements": [
    [
      "craft_saber"
    ]
  ]
}