{
    "parent": "odyssey:smithing/sword/root",
    "criteria": {
      "craft_claymore": {
        "conditions": {
          "ingredients": [
            {
              "item": {}
            }
          ],
          "recipe_id":"odyssey:weapons/stone_claymore"
        },
        "trigger": "minecraft:recipe_crafted"
      },
      "craft_cutlass": {
        "conditions": {
          "ingredients": [
            {
              "item": {}
            }
          ],
          "recipe_id":"odyssey:weapons/stone_cutlass"
        },
        "trigger": "minecraft:recipe_crafted"
      },
      "craft_katana": {
        "conditions": {
          "ingredients": [
            {
              "item": {}
            }
          ],
          "recipe_id":"odyssey:weapons/stone_katana"
        },
        "trigger": "minecraft:recipe_crafted"
      },
      "craft_rapier": {
        "conditions": {
          "ingredients": [
            {
              "item": {}
            }
          ],
          "recipe_id":"odyssey:weapons/stone_rapier"
        },
        "trigger": "minecraft:recipe_crafted"
      },
      "craft_saber": {
        "conditions": {
          "ingredients": [
            {
              "item": {}
            }
          ],
          "recipe_id":"odyssey:weapons/stone_saber"
        },
        "trigger": "minecraft:recipe_crafted"
      }
    },
    "display": {
      "announce_to_chat": true,
      "description": {
        "translate": "advancments.odyssey.smithing.sword.tracker_root.description"
      },
      "frame": "challenge",
      "hidden": false,
      "icon": {
        "count": 1,
        "id": "minecraft:netherite_sword",
        "components": {
          "minecraft:custom_model_data": 6905753
        }
      },
      "show_toast": true,
      "title": {
        "translate": "advancments.odyssey.smithing.sword.tracker_root.title"
      }
    },
    "requirements": [
      [
        "craft_claymore"
      ],
      [
        "craft_cutlass"
      ],
      [
        "craft_katana"
      ],
      [
        "craft_rapier"
      ],
      [
        "craft_saber"
      ]
    ]
}