{
    "type": "minecraft:random_selector",
    "config": {
      "features": [],
      "default": {
        "feature": {
          "type": "simple_block",
          "config": {
            "to_place": {
              "type": "minecraft:simple_state_provider",
              "state": {
                "Name": "minecraft:dark_prismarine"
              }
            }
          }
        },
        "placement": [
          {
            "type": "count",
            "count": {
              "type": "minecraft:uniform",
              "value": {
                "max_inclusive": 20,
                "min_inclusive": 10
              }
            }
          },
          {
            "type": "minecraft:random_offset",
            "xz_spread": {
              "type": "minecraft:uniform",
              "value": {
                "min_inclusive": -5,
                "max_inclusive": 5
              }
            },
            "y_spread": {
              "type": "minecraft:uniform",
              "value": {
                "min_inclusive": -1,
                "max_inclusive": 0
              }
            }
          },
          {
            "type": "block_predicate_filter",
            "predicate": {
              "type": "minecraft:all_of",
              "predicates": [
                {
                  "type": "minecraft:matching_blocks",
                  "blocks": "minecraft:blackstone"
                },
                {
                  "type": "minecraft:matching_blocks",
                  "offset": [
                    0,
                    1,
                    0
                  ],
                  "blocks": "minecraft:air"
                },
                {
                  "type": "any_of",
                  "predicates": [
                    {
                      "type": "minecraft:matching_blocks",
                      "blocks": [
                        "minecraft:grass_block"
                      ],
                      "offset": [
                        1,
                        0,
                        0
                      ]
                    },
                    {
                      "type": "minecraft:matching_blocks",
                      "blocks": [
                        "minecraft:grass_block"
                      ],
                      "offset": [
                        -1,
                        0,
                        0
                      ]
                    },
                    {
                      "type": "minecraft:matching_blocks",
                      "blocks": [
                        "minecraft:grass_block"
                      ],
                      "offset": [
                        0,
                        0,
                        1
                      ]
                    },
                    {
                      "type": "minecraft:matching_blocks",
                      "blocks": [
                        "minecraft:grass_block"
                      ],
                      "offset": [
                        0,
                        0,
                        -1
                      ]
                    },
                    {
                      "type": "minecraft:matching_blocks",
                      "blocks": [
                        "minecraft:grass_block"
                      ],
                      "offset": [
                        1,
                        0,
                        1
                      ]
                    },
                    {
                      "type": "minecraft:matching_blocks",
                      "blocks": [
                        "minecraft:grass_block"
                      ],
                      "offset": [
                        1,
                        0,
                        -1
                      ]
                    },
                    {
                      "type": "minecraft:matching_blocks",
                      "blocks": [
                        "minecraft:grass_block"
                      ],
                      "offset": [
                        -1,
                        0,
                        1
                      ]
                    },
                    {
                      "type": "minecraft:matching_blocks",
                      "blocks": [
                        "minecraft:grass_block"
                      ],
                      "offset": [
                        -1,
                        0,
                        -1
                      ]
                    }
                  ]
                }
              ]
            }
          }
        ]
      }
    }
  }
  