{
	"feature": "odyssey:spectral_steppe/shrooms_tall",
	"placement": [
		{
			"type": "count",
			"count": 7
		},
		{
			"type": "minecraft:in_square"
		},
		{
			"type": "heightmap",
			"heightmap": "WORLD_SURFACE"
		},
		{
			"type": "minecraft:block_predicate_filter",
			"predicate": {
				"type": "minecraft:matching_blocks",
				"offset": [
					0,
					-1,
					0
				],
				"blocks": [
					"minecraft:dirt",
					"minecraft:grass_block",
                    "minecraft:mud"
				]
			}
		},
		{
			"type": "minecraft:biome"
		}
	]
}
