{
    "type": "minecraft:random_patch",
    "config": {
      "feature": {
        "feature": {
          "type": "minecraft:simple_block",
          "config": {
            "to_place": {
              "type": "minecraft:weighted_state_provider",
              "entries": [
                {
                  "data": {
                    "Name": "minecraft:rooted_dirt"
                  },
                  "weight": 15
                },
                {
                  "data": {
                    "Name": "minecraft:coarse_dirt"
                  },
                  "weight": 7
                },
                {
                  "data": {
                    "Name": "minecraft:dirt_path"
                  },
                  "weight": 2
                }
              ]
            }
          }
        },
        "placement": [
          {
            "type": "minecraft:block_predicate_filter",
            "predicate": {
              "type": "minecraft:matching_blocks",
              "blocks": "minecraft:grass_block"
            }
          }
        ]
      },
      "tries": 90,
      "xz_spread": 9,
      "y_spread": 3
    }
  }