{
  "type": "minecraft:chest",
  "random_sequence": "odyssey:loot/exotic_weapon",
  "pools": [
    {
      "bonus_rolls": 0.0,
      "rolls": 1.0,
      "entries": [
        {
          "type": "minecraft:loot_table",
          "value": "odyssey:loot/exotic_weapons/knight_breaker",
          "weight": 2
        },
        {
          "type": "minecraft:loot_table",
          "value": "odyssey:loot/exotic_weapons/shogun_lightning",
          "weight": 2
        },
        {
          "type": "minecraft:loot_table",
          "value": "odyssey:loot/exotic_weapons/abzu_blade",
          "weight": 2
        },
        {
          "type": "minecraft:loot_table",
          "value": "odyssey:loot/exotic_weapons/excalibur",
          "weight": 2
        },
        {
          "type": "minecraft:loot_table",
          "value": "odyssey:loot/exotic_weapons/frost_fang",
          "weight": 2
        },
        {
          "type": "minecraft:loot_table",
          "value": "odyssey:loot/exotic_weapons/elucidator",
          "weight": 2
        }
      ]
    }
  ]
}