{
  "type": "minecraft:overworld",
  "generator": {
    "type": "minecraft:noise",
    "biome_source": {
      "biomes": [
        {
          "biome": "odyssey:birch_backwoods",
          "parameters": {
            "continentalness": [
              -0.01,
              0.25
            ],
            "depth": [
              -0.005,
              0
            ],
            "erosion": [
              0.5650000000000001,
              1
            ],
            "humidity": [
              0.3,
              0.8
            ],
            "offset": 0.0,
            "temperature": [
              0.15,
              0.6
            ],
            "weirdness": [
              -1.0,
              1.0
            ]
          }
        },
        {
          "biome": "odyssey:pantanal",
          "parameters": {
            "continentalness": [
              0.62,
              1
            ],
            "depth": [
              -0.005,
              0
            ],
            "erosion": [
              -0.2225,
              0.05
            ],
            "humidity": [
              0.3,
              0.8
            ],
            "offset": 0.0,
            "temperature": [
              0.15,
              0.6
            ],
            "weirdness": [
              -1.0,
              1.0
            ]
          }
        },
        {
          "biome": "odyssey:pantanal",
          "parameters": {
            "continentalness": [
              -0.1,
              0.18
            ],
            "depth": [
              -0.005,
              0
            ],
            "erosion": [
              0.5650000000000001,
              1
            ],
            "humidity": [
              0.3,
              0.8
            ],
            "offset": 0.0,
            "temperature": [
              0.15,
              0.6
            ],
            "weirdness": [
              -0.7666667,
              -0.4
            ]
          }
        },
        {
          "biome": "odyssey:pantanal",
          "parameters": {
            "continentalness": [
              -0.1,
              0.18
            ],
            "depth": [
              -0.005,
              0
            ],
            "erosion": [
              0.5650000000000001,
              1
            ],
            "humidity": [
              0.3,
              0.8
            ],
            "offset": 0.0,
            "temperature": [
              0.15,
              0.6
            ],
            "weirdness": [
              0.4,
              0.7666667
            ]
          }
        }
      ],
      "type": "minecraft:multi_noise"
    },
    "settings": "minecraft:overworld"
  }
}
