{
    "type": "minecraft:tree",
    "config": {
      "decorators": [],
      "force_dirt": false,
      "ignore_vines": true,
      "minimum_size": {
        "type": "minecraft:two_layers_feature_size",
        "limit": 2,
        "lower_size": 0,
        "upper_size": 2
      },
      "dirt_provider": {
        "type": "minecraft:simple_state_provider",
        "state": {
          "Name": "minecraft:rooted_dirt"
        }
      },
      "trunk_provider": {
        "type": "minecraft:simple_state_provider",
        "state": {
          "Name": "minecraft:acacia_log",
          "Properties": {
            "axis": "y"
          }
        }
      },
      "trunk_placer": {
        "type": "minecraft:straight_trunk_placer",
        "base_height": 10,
        "height_rand_a": 6,
        "height_rand_b": 3
      },
      "foliage_provider": {
        "type": "minecraft:simple_state_provider",
        "state": {
          "Name": "minecraft:mangrove_leaves",
          "Properties": {
            "persistent": "true",
            "distance": "7"
          }
        }
      },
      "foliage_placer": {
        "type": "minecraft:spruce_foliage_placer",
        "radius": {
          "type": "minecraft:uniform",
          "value": {
            "min_inclusive": 2,
            "max_inclusive": 3
          }
        },
        "offset": {
          "type": "minecraft:uniform",
          "value": {
            "min_inclusive": 0,
            "max_inclusive": 2
          }
        },
        "trunk_height": {
          "type": "minecraft:uniform",
          "value": {
            "min_inclusive": 4,
            "max_inclusive": 5
          }
        }
      }
    }
}