{
    "type": "minecraft:tree",
    "config": {
      "decorators": [],
      "force_dirt": false,
      "ignore_vines": true,
      "minimum_size": {
        "type": "minecraft:two_layers_feature_size",
        "limit": 1,
        "lower_size": 0,
        "upper_size": 1
      },
      "dirt_provider": {
        "type": "minecraft:simple_state_provider",
        "state": {
          "Name": "minecraft:rooted_dirt"
        }
      },
      "trunk_provider": {
        "type": "minecraft:simple_state_provider",
        "state": {
          "Name": "minecraft:birch_log",
          "Properties": {
            "axis": "y"
          }
        }
      },
      "trunk_placer": {
        "type": "minecraft:straight_trunk_placer",
        "base_height": 8,
        "height_rand_a": 1,
        "height_rand_b": 4
      },
      "foliage_provider": {
        "type": "minecraft:simple_state_provider",
        "state": {
          "Name": "minecraft:flowering_azalea_leaves",
          "Properties": {
            "distance": "7",
            "persistent": "true",
            "waterlogged": "false"
          }
        }
      },
      "foliage_placer": {
        "type": "minecraft:blob_foliage_placer",
        "height": 2,
        "offset": 0,
        "radius": 2
      }
    }
}