{
    "type": "minecraft:tree",
    "config": {
      "decorators": [
        {
            "type":"minecraft:attached_to_leaves",
            "probability": 0.9,
            "exclusion_radius_xz": 1,
            "exclusion_radius_y": 0,
            "required_empty_blocks": 1,
            "block_provider": {
                "type": "minecraft:weighted_state_provider",
                "entries": [
                  {
                    "data": {
                      "Name": "minecraft:large_amethyst_bud",
                      "Properties": {
                        "facing": "down"
                      }
                    },
                    "weight": 4
                  },
                  {
                    "data": {
                      "Name": "minecraft:medium_amethyst_bud",
                      "Properties": {
                        "facing": "down"
                      }
                    },
                    "weight": 5
                  },
                  {
                    "data": {
                      "Name": "minecraft:budding_amethyst"
                    },
                    "weight": 3
                  },
                  {
                    "data": {
                      "Name": "minecraft:end_rod",
                      "Properties": {
                        "facing": "down"
                      }
                    },
                    "weight": 2
                  }
                ]
            },
            "directions": [
              "down"
            ]
        }
      ],
      "force_dirt": false,
      "ignore_vines": true,
      "minimum_size": {
        "type": "minecraft:two_layers_feature_size",
        "limit": 1,
        "lower_size": 1,
        "upper_size": 2
      },
      "dirt_provider": {
        "type": "minecraft:simple_state_provider",
        "state": {
          "Name": "minecraft:dark_oak_log"
        }
      },
      "root_placer": {
        "type": "minecraft:mangrove_root_placer",
        "above_root_placement": {
          "above_root_placement_chance": 0.3,
          "above_root_provider": {
            "type": "minecraft:simple_state_provider",
            "state": {
              "Name": "minecraft:glow_lichen"
            }
          }
        },
        "mangrove_root_placement": {
          "can_grow_through": "#minecraft:mangrove_roots_can_grow_through",
          "max_root_length": 6,
          "max_root_width": 10,
          "muddy_roots_in": [
            "minecraft:mud",
            "minecraft:muddy_mangrove_roots"
          ],
          "muddy_roots_provider": {
            "type": "minecraft:simple_state_provider",
            "state": {
              "Name": "minecraft:muddy_mangrove_roots",
              "Properties": {
                "axis": "y"
              }
            }
          },
          "random_skew_chance": 0.1
        },
        "root_provider": {
          "type": "minecraft:simple_state_provider",
          "state": {
            "Name": "minecraft:dark_oak_wood",
            "Properties": {
              "waterlogged": "false"
            }
          }
        },
        "trunk_offset_y": {
          "type": "minecraft:uniform",
          "value": {
            "max_inclusive": 2,
            "min_inclusive": 1
          }
        }
      },
      "trunk_provider": {
        "type": "minecraft:simple_state_provider",
        "state": {
          "Name": "minecraft:dark_oak_log",
          "Properties": {
            "axis": "y"
          }
        }
      },
      "trunk_placer": {
        "type": "minecraft:mega_jungle_trunk_placer",
        "base_height": 12,
        "height_rand_a": 2,
        "height_rand_b": 4
      },
      "foliage_provider": {
        "type": "minecraft:weighted_state_provider",
        "entries": [
          {
            "data": {
              "Name": "minecraft:amethyst_block"
            },
            "weight": 10
          },
          {
            "data": {
              "Name": "minecraft:purple_glazed_terracotta"
            },
            "weight": 4
          },
          {
            "data": {
              "Name": "minecraft:pearlescent_froglight"
            },
            "weight": 2
          },
          {
            "data": {
              "Name": "minecraft:budding_amethyst"
            },
            "weight": 1
          },
          {
            "data": {
              "Name": "minecraft:purple_stained_glass"
            },
            "weight": 7
          }
        ]
      },
      "foliage_placer": {
        "type": "minecraft:jungle_foliage_placer",
        "radius": 3,
        "offset": 0,
        "height": 3
      }
    }
}