{
  "pools": [
    {
      "bonus_rolls": 0.0,
      "entries": [
        {
          "type": "minecraft:item",
          "name": "minecraft:iron_ingot",
          "functions": [
            {
              "function": "set_components",
              "components": {
                "minecraft:custom_model_data": 6906777,
                "minecraft:item_name": "mithril_ingot"
              },
              "conditions": []
            },
            {
              "function": "minecraft:set_name",
              "entity": "this",
              "name": {
                "text": "Mithril Ingot",
                "bold": false,
                "italic": false
              }
            }
          ],
          "weight": 1
        }
      ],
      "rolls": 1.0
    }
  ]
}
