{
  "pools": [
    {
      "bonus_rolls": 0.0,
      "entries": [
        {
          "type": "minecraft:item",
          "name": "minecraft:trial_key",
          "functions": [
            {
              "function": "set_components",
              "components": {
                "minecraft:custom_model_data": 6906707,
                "minecraft:item_name": "shadow_trial_key"
              },
              "conditions": []
            },
            {
              "function": "minecraft:set_name",
              "entity": "this",
              "name": {
                "text": "Shadow Trial Key",
                "bold": false,
                "italic": false
              }
            }
          ],
          "weight": 1
        }
      ],
      "rolls": 1.0
    }
  ]
}
