{
    "type": "minecraft:disk",
    "config": {
      "half_height": 3,
      "radius": {
        "type": "minecraft:uniform",
        "value": {
          "max_inclusive": 8,
          "min_inclusive": 5
        }
      },
      "state_provider": {
        "fallback": {
          "type": "minecraft:simple_state_provider",
          "state": {
            "Name": "minecraft:granite"
          }
        },
        "rules": []
      },
      "target": {
        "type": "minecraft:matching_blocks",
        "blocks": [
          "minecraft:dirt",
          "minecraft:grass_block",
          "minecraft:smooth_red_sandstone"
        ]
      }
    }
  }
  