{
  "type": "minecraft:random_selector",
  "config": {
    "features": [],
    "default": {
      "feature": {
        "type": "simple_block",
        "config": {
          "to_place": {
            "type": "minecraft:simple_state_provider",
            "state": {
              "Name": "minecraft:horn_coral_block"
            }
          }
        }
      },
      "placement": [
        {
          "type": "count",
          "count": {
            "type": "minecraft:uniform",
            "value": {
              "max_inclusive": 20,
              "min_inclusive": 10
            }
          }
        },
        {
          "type": "minecraft:random_offset",
          "xz_spread": {
            "type": "minecraft:uniform",
            "value": {
              "min_inclusive": -5,
              "max_inclusive": 5
            }
          },
          "y_spread": {
            "type": "minecraft:uniform",
            "value": {
              "min_inclusive": -1,
              "max_inclusive": 1
            }
          }
        },
        {
          "type": "block_predicate_filter",
          "predicate": {
            "type": "minecraft:all_of",
            "predicates": [
              {
                "type": "minecraft:matching_blocks",
                "blocks": [
                  "minecraft:yellow_terracotta",
                  "minecraft:orange_terracotta",
                  "minecraft:smooth_red_sandstone",
                  "minecraft:granite"
                ],
                "offset": [
                  0,
                  0,
                  0
                ]
              },
              {
                "type": "any_of",
                "predicates": [
                  {
                    "type": "minecraft:matching_blocks",
                    "blocks": "minecraft:water",
                    "offset": [
                      1,
                      0,
                      0
                    ]
                  },
                  {
                    "type": "minecraft:matching_blocks",
                    "blocks": "minecraft:water",
                    "offset": [
                      -1,
                      0,
                      0
                    ]
                  },
                  {
                    "type": "minecraft:matching_blocks",
                    "blocks": "minecraft:water",
                    "offset": [
                      0,
                      0,
                      1
                    ]
                  },
                  {
                    "type": "minecraft:matching_blocks",
                    "blocks": "minecraft:water",
                    "offset": [
                      0,
                      0,
                      -1
                    ]
                  }
                ]
              }
            ]
          }
        }
      ]
    }
  }
}
