{
    "type": "minecraft:tree",
    "config": {
      "decorators": [],
      "force_dirt": false,
      "ignore_vines": true,
      "minimum_size": {
        "type": "minecraft:two_layers_feature_size",
        "limit": 0,
        "lower_size": 0,
        "upper_size": 0
      },
      "dirt_provider": {
        "type": "minecraft:simple_state_provider",
        "state": {
          "Name": "minecraft:red_sandstone"
        }
      },
      "trunk_provider": {
        "type": "minecraft:weighted_state_provider",
        "entries": [
          {
            "data": {
              "Name": "minecraft:cut_red_sandstone"
            },
            "weight": 6
          },
          {
            "data": {
              "Name": "minecraft:red_sandstone"
            },
            "weight": 8
          }
        ]
      },
      "trunk_placer": {
        "type": "minecraft:straight_trunk_placer",
        "base_height": 1,
        "height_rand_a": 0,
        "height_rand_b": 0
      },
      "foliage_provider": {
        "type": "minecraft:weighted_state_provider",
        "entries": [
          {
            "data": {
              "Name": "minecraft:smooth_red_sandstone_slab"
            },
            "weight": 6
          },
          {
            "data": {
              "Name": "minecraft:red_sandstone_slab"
            },
            "weight": 8
          }
        ]
      },
      "foliage_placer": {
        "type": "minecraft:bush_foliage_placer",
        "offset": 0,
        "radius": 1,
        "height": 1
      }
    }
}