{
    "has_precipitation": true,
    "temperature": 0.4,
    "downfall": 0.7,
    "player_spawn_friendly": true,
    "creature_spawn_probability": 0.4,
    "carvers": {
      "air": [
          "minecraft:cave",
          "minecraft:cave_extra_underground",
          "minecraft:canyon"
      ]
  },
    "effects": {
        "sky_color": 7972607,
        "fog_color": 7972607,
        "water_color": 16777215,
        "water_fog_color": 329011,
        "foliage_color": 3604434,
        "grass_color": 3604434,
        "grass_color_modifier": "none",
        "particle": {
            "options": {
                "type": "minecraft:wax_off"
            },
            "probability": 0.002
        },
        "music": {
            "sound": "minecraft:music.nether.crimson_forset",
            "min_delay": 12000,
            "max_delay": 24000,
            "replace_current_music": false
        },
        "additions_sound": {
            "sound": "minecraft:ambient.crimson_forest.additions",
            "tick_chance": 0.0111
        },
        "mood_sound": {
            "sound": "minecraft.ambient.cave",
            "tick_delay": 6000,
            "block_search_extent": 8,
            "offset": 2.0
        }
    },
    "features": [
        [],
        [],
        [
            "minecraft:amethyst_geode",
            "minecraft:forest_rock"
        ],
        [
            "minecraft:monster_room",
            "minecraft:monster_room_deep"
        ],
        [],
        [
            "odyssey:spectral_steppe/ring_dark_prismarine"
        ],
        [
            "minecraft:ore_dirt",
            "minecraft:ore_gravel",
            "minecraft:ore_granite_upper",
            "minecraft:ore_granite_lower",
            "minecraft:ore_diorite_upper",
            "minecraft:ore_diorite_lower",
            "minecraft:ore_andesite_upper",
            "minecraft:ore_andesite_lower",
            "minecraft:ore_tuff",
            "minecraft:ore_coal_upper",
            "minecraft:ore_coal_lower",
            "minecraft:ore_iron_upper",
            "minecraft:ore_iron_middle",
            "minecraft:ore_iron_small",
            "minecraft:ore_gold",
            "minecraft:ore_gold_lower",
            "minecraft:ore_redstone",
            "minecraft:ore_redstone_lower",
            "minecraft:ore_diamond",
            "minecraft:ore_diamond_large",
            "minecraft:ore_diamond_buried",
            "minecraft:ore_lapis",
            "minecraft:ore_lapis_buried",
            "minecraft:ore_copper",
            "minecraft:underwater_magma",
            "minecraft:disk_clay",
            "minecraft:disk_gravel",
            "odyssey:generic/disk_large_blackstone",
            "odyssey:generic/disk_mud"
        ],
        [],
        [
            "minecraft:spring_water"
        ],
        [
            "minecraft:glow_lichen",
            "odyssey:spectral_steppe/shrooms_tall"
        ],
        [
            "minecraft:freeze_top_layer"
        ]
    ],
    "spawn_costs": {},
    "spawners": {
        "ambient": [
          {
            "type": "minecraft:bat",
            "maxCount": 8,
            "minCount": 8,
            "weight": 10
          }
        ],
        "axolotls": [],
        "creature": [
          {
            "type": "minecraft:sheep",
            "maxCount": 4,
            "minCount": 4,
            "weight": 12
          },
          {
            "type": "minecraft:pig",
            "maxCount": 4,
            "minCount": 4,
            "weight": 10
          },
          {
            "type": "minecraft:chicken",
            "maxCount": 4,
            "minCount": 4,
            "weight": 10
          },
          {
            "type": "minecraft:cow",
            "maxCount": 4,
            "minCount": 4,
            "weight": 8
          },
          {
            "type": "minecraft:rabbit",
            "maxCount": 3,
            "minCount": 2,
            "weight": 4
          }
        ],
        "misc": [],
        "monster": [
          {
            "type": "minecraft:slime",
            "maxCount": 4,
            "minCount": 4,
            "weight": 100
          },
          {
            "type": "minecraft:enderman",
            "maxCount": 4,
            "minCount": 2,
            "weight": 10
          },
          {
            "type": "minecraft:witch",
            "maxCount": 3,
            "minCount": 2,
            "weight": 25
          }
        ],
        "underground_water_creature": [
          {
            "type": "minecraft:glow_squid",
            "maxCount": 6,
            "minCount": 4,
            "weight": 10
          }
        ],
        "water_ambient": [],
        "water_creature": []
    }
}