{
    "type": "minecraft:flower",
    "config": {
      "feature": {
        "feature": {
          "type": "minecraft:simple_block",
          "config": {
            "to_place": {
              "type": "minecraft:weighted_state_provider",
              "entries": [
                {
                  "data": {
                    "Name": "minecraft:orange_tulip"
                  },
                  "weight": 2
                },
                {
                  "data": {
                    "Name": "minecraft:dandelion"
                  },
                  "weight": 7
                }
              ]
            }
          }
        },
        "placement": [
          {
            "type": "minecraft:block_predicate_filter",
            "predicate": {
              "type": "minecraft:all_of",
              "predicates": [
                {
                  "type": "minecraft:matching_blocks",
                  "blocks": "minecraft:air"
                },
                {
                  "type": "minecraft:matching_blocks",
                  "blocks": [
                    "minecraft:grass_block",
                    "minecraft:moss_block",
                    "minecraft:dirt",
                    "minecraft:coarse_dirt",
                    "minecraft:rooted_dirt"
                  ],
                  "offset": [
                    0,
                    -1,
                    0
                  ]
                }
              ]
            }
          }
        ]
      },
      "tries": 96,
      "xz_spread": 8,
      "y_spread": 3
    }
  }
  