{
  "type": "minecraft:random_patch",
  "config": {
    "feature": {
      "feature": {
        "type": "minecraft:simple_block",
        "config": {
          "to_place": {
            "type": "minecraft:weighted_state_provider",
            "entries": [
              {
                "data": {
                  "Name": "minecraft:short_grass"
                },
                "weight": 14
              },
              {
                "data": {
                  "Name": "minecraft:tall_grass"
                },
                "weight": 4
              },
              {
                "data": {
                  "Name": "minecraft:fern"
                },
                "weight": 7
              },
              {
                "data": {
                  "Name": "minecraft:large_fern"
                },
                "weight": 5
              },
              {
                "data": {
                  "Name": "minecraft:dead_bubble_coral",
                  "Properties": {
                    "waterlogged": "false"
                  }
                },
                "weight": 3
              },
              {
                "data": {
                  "Name": "minecraft:dead_tube_coral",
                  "Properties": {
                    "waterlogged": "false"
                  }
                },
                "weight": 3
              }
            ]
          }
        }
      },
      "placement": [
        {
          "type": "minecraft:block_predicate_filter",
          "predicate": {
            "type": "minecraft:all_of",
            "predicates": [
              {
                "type": "minecraft:matching_blocks",
                "blocks": [
                  "minecraft:air"
                ]
              },
              {
                "type": "minecraft:matching_blocks",
                "blocks": [
                  "minecraft:dirt",
                  "minecraft:mud",
                  "minecraft:mycelium"
                ],
                "offset": [
                  0,
                  -1,
                  0
                ]
              }
            ]
          }
        }
      ]
    },
    "tries": 100,
    "xz_spread": 8,
    "y_spread": 3
  }
}
