{
  "type": "minecraft:tree",
  "config": {
    "decorators": [
      {
        "type": "minecraft:attached_to_leaves",
        "probability": 0.4,
        "exclusion_radius_xz": 0,
        "exclusion_radius_y": 0,
        "required_empty_blocks": 1,
        "block_provider": {
          "type": "minecraft:weighted_state_provider",
          "entries": [
            {
              "data": {
                "Name": "minecraft:light_blue_stained_glass"
              },
              "weight": 5
            },
            {
              "data": {
                "Name": "minecraft:light_blue_stained_glass_pane"
              },
              "weight": 12
            },
            {
              "data": {
                "Name": "minecraft:sea_lantern"
              },
              "weight": 3
            }
          ]
        },
        "directions": [
          "down"
        ]
      }
    ],
    "force_dirt": false,
    "ignore_vines": true,
    "minimum_size": {
      "type": "minecraft:two_layers_feature_size",
      "limit": 1,
      "lower_size": 0,
      "upper_size": 2
    },
    "dirt_provider": {
      "type": "minecraft:simple_state_provider",
      "state": {
        "Name": "minecraft:rooted_dirt"
      }
    },
    "root_placer": {
      "type": "minecraft:mangrove_root_placer",
      "above_root_placement": {
        "above_root_placement_chance": 0.3,
        "above_root_provider": {
          "type": "minecraft:simple_state_provider",
          "state": {
            "Name": "minecraft:mushroom_stem",
            "Properties": {
              "axis": "y"
            }
          }
        }
      },
      "mangrove_root_placement": {
        "can_grow_through": "#minecraft:mangrove_roots_can_grow_through",
        "max_root_length": 2,
        "max_root_width": 1,
        "muddy_roots_in": [
          "minecraft:dirt"
        ],
        "muddy_roots_provider": {
          "type": "minecraft:simple_state_provider",
          "state": {
            "Name": "minecraft:mushroom_stem",
            "Properties": {
              "axis": "y"
            }
          }
        },
        "random_skew_chance": 0.15
      },
      "root_provider": {
        "type": "minecraft:simple_state_provider",
        "state": {
          "Name": "minecraft:mushroom_stem",
          "Properties": {
            "axis": "y"
          }
        }
      },
      "trunk_offset_y": {
        "type": "minecraft:uniform",
      
          "max_inclusive": 2,
          "min_inclusive": 1
        
      }
    },
    "trunk_provider": {
      "type": "minecraft:simple_state_provider",
      "state": {
        "Name": "minecraft:mushroom_stem",
        "Properties": {
          "axis": "y"
        }
      }
    },
    "trunk_placer": {
      "type": "minecraft:cherry_trunk_placer",
      "base_height": 6,
      "branch_count": {
        "type": "minecraft:weighted_list",
        "distribution": [
          {
            "data": 1,
            "weight": 5
          },
          {
            "data": 2,
            "weight": 7
          },
          {
            "data": 3,
            "weight": 1
          }
        ]
      },
      "branch_end_offset_from_top": {
        "type": "minecraft:uniform",
        
          "max_inclusive": 3,
          "min_inclusive": 1
        
      },
      "branch_horizontal_length": {
        "type": "minecraft:uniform",
        
          "max_inclusive": 4,
          "min_inclusive": 3
        
      },
      "branch_start_offset_from_top": {
        "max_inclusive": -1,
        "min_inclusive": -3
      },
      "height_rand_a": 5,
      "height_rand_b": 3
    },
    "foliage_provider": {
      "type": "minecraft:weighted_state_provider",
      "entries": [
        {
          "data": {
            "Name": "minecraft:light_blue_stained_glass"
          },
          "weight": 30
        },
        {
          "data": {
            "Name": "minecraft:sea_lantern"
          },
          "weight": 3
        },
        {
          "data": {
            "Name": "minecraft:white_stained_glass"
          },
          "weight": 4
        }
      ]
    },
    "foliage_placer": {
      "type": "minecraft:acacia_foliage_placer",
      "height": 2,
      "offset": 1,
      "radius": 3
    }
  }
}
