{
    "type": "minecraft:tree",
    "config": {
      "decorators": [],
      "force_dirt": false,
      "ignore_vines": true,
      "minimum_size": {
        "type": "minecraft:two_layers_feature_size",
        "limit": 0,
        "lower_size": 0,
        "upper_size": 1
      },
      "dirt_provider": {
        "type": "minecraft:simple_state_provider",
        "state": {
          "Name": "minecraft:stripped_mangrove_wood"
        }
      },
      "trunk_provider": {
        "type": "minecraft:simple_state_provider",
        "state": {
          "Name": "minecraft:stripped_mangrove_wood",
          "Properties": {
            "axis": "y"
          }
        }
      },
      "trunk_placer": {
        "type": "minecraft:straight_trunk_placer",
        "base_height": 10,
        "height_rand_a": 1,
        "height_rand_b": 2
      },
      "foliage_provider": {
        "type": "minecraft:simple_state_provider",
        "state": {
          "Name": "minecraft:oak_leaves",
          "Properties": {
            "persistent": "false",
            "distance": "7"
          }
        }
      },
      "foliage_placer": {
        "type": "minecraft:spruce_foliage_placer",
        "radius": {
          "type": "minecraft:uniform",
          "value": {
            "min_inclusive": 3,
            "max_inclusive": 4
          }
        },
        "offset": {
          "type": "minecraft:uniform",
          "value": {
            "min_inclusive": 0,
            "max_inclusive": 1
          }
        },
        "trunk_height": {
          "type": "minecraft:uniform",
          "value": {
            "min_inclusive": 0,
            "max_inclusive": 1
          }
        }
      }
    }
  }
  