{
    "type": "minecraft:random_patch",
    "config": {
      "tries": 90,
      "xz_spread": 1,
      "y_spread": 1,
      "feature": {
        "feature": {
          "type": "minecraft:block_column",
          "config": {
            "direction": "up",
            "allowed_placement": {
              "type": "minecraft:all_of",
              "predicates": [
                {
                  "type": "minecraft:matching_blocks",
                  "offset": [
                    0,
                    0,
                    0
                  ],
                  "blocks": [
                    "minecraft:air"
                  ]
                },
                {
                  "type": "minecraft:matching_blocks",
                  "offset": [
                    0,
                    3,
                    0
                  ],
                  "blocks": [
                    "minecraft:air"
                  ]
                },
                {
                  "type": "minecraft:matching_blocks",
                  "offset": [
                    0,
                    10,
                    0
                  ],
                  "blocks": [
                    "minecraft:air"
                  ]
                }
              ]
            },
            "prioritize_tip": false,
            "layers": [
              {
                "height": {
                  "type": "minecraft:clamped_normal",
                  "value": {
                    "min_inclusive": 21,
                    "max_inclusive": 26,
                    "mean": 24,
                    "deviation": 0.17
                  }
                },
                "provider": {
                  "type": "minecraft:simple_state_provider",
                  "state": {
                    "Name": "minecraft:stripped_acacia_log",
                    "Properties": {
                      "axis": "y"
                    }
                  }
                }
              }
            ]
          }
        },
        "placement": []
      }
    }
  }