{
    "feature": "odyssey:aspen_forest/trees",
    "placement": [
      {
        "type": "count",
        "count": 13
      },
      {
        "type": "minecraft:in_square"
      },
      {
        "type": "heightmap",
        "heightmap": "WORLD_SURFACE"
      },
      {
        "type": "minecraft:block_predicate_filter",
        "predicate": {
          "type": "minecraft:matching_blocks",
          "offset": [
            0, 
            -1,
             0
          ],
          "blocks": [
            "minecraft:grass_block",
            "minecraft:dirt",
            "minecraft:podzol",
            "minecraft:coarse_dirt",
            "minecraft:rooted_dirt",
            "minecraft:moss_block"
          ]
        }
      },
      {
        "type": "minecraft:biome"
      }
    ]
  }
  