{
  "type": "minecraft:random_patch",
  "config": {
    "tries": 20,
    "xz_spread": 1,
    "y_spread": 1,
    "feature": {
      "feature": {
        "type": "minecraft:geode",
        "config": {
          "blocks": {
            "filling_provider": {
              "type": "minecraft:simple_state_provider",
              "state": {
                "Name": "minecraft:brown_concrete_powder"
              }
            },
            "inner_layer_provider": {
              "type": "minecraft:simple_state_provider",
              "state": {
                "Name": "minecraft:brown_concrete_powder"
              }
            },
            "alternate_inner_layer_provider": {
              "type": "minecraft:simple_state_provider",
              "state": {
                "Name": "minecraft:brown_concrete_powder"
              }
            },
            "middle_layer_provider": {
              "type": "minecraft:simple_state_provider",
              "state": {
                "Name": "minecraft:brown_concrete_powder"
              }
            },
            "outer_layer_provider": {
              "type": "minecraft:simple_state_provider",
              "state": {
                "Name": "minecraft:brown_concrete_powder"
              }
            },
            "inner_placements": [
              {
                "Name": "minecraft:brown_concrete_powder"
              }
            ],
            "cannot_replace": "#minecraft:ancient_city_replaceable",
            "invalid_blocks": "#minecraft:ancient_city_replaceable"
          },
          "layers": {
            "filling": 0.5,
            "inner_layer": 3.2,
            "middle_layer": 4.4,
            "outer_layer": 5.6
          },
          "crack": {
            "generate_crack_chance": 0,
            "base_crack_size": 0,
            "crack_point_offset": 0
          },
          "noise_multiplier": 0.08,
          "use_potential_placements_chance": 0,
          "use_alternate_layer0_chance": 0,
          "placements_require_layer0_alternate": false,
          "outer_wall_distance": {
            "type": "minecraft:uniform",
            "min_inclusive": 4,
            "max_inclusive": 5
          },
          "distribution_points": {
            "type": "minecraft:biased_to_bottom",
            "min_inclusive": 3,
            "max_inclusive": 4
          },
          "point_offset": {
            "type": "minecraft:biased_to_bottom",
            "min_inclusive": 1,
            "max_inclusive": 3
          },
          "min_gen_offset": -16,
          "max_gen_offset": 16,
          "invalid_blocks_threshold": 1
        }
      },
      "placement": []
    }
  }
}
