{
  "type": "minecraft:random_patch",
  "config": {
    "feature": {
      "feature": {
        "type": "minecraft:simple_block",
        "config": {
          "to_place": {
            "type": "minecraft:weighted_state_provider",
            "entries": [
              {
                "data": {
                  "Name": "minecraft:water"
                },
                "weight": 6
              },
              {
                "data": {
                  "Name": "minecraft:mud"
                },
                "weight": 1
              }
            ]
          }
        }
      },
      "placement": [
        {
          "type": "block_predicate_filter",
          "predicate": {
            "type": "minecraft:all_of",
            "predicates": [
              {
                "type": "minecraft:matching_blocks",
                "blocks": [
                  "minecraft:dirt",
                  "minecraft:grass_block"
                ],
                "offset": [
                  0,
                  0,
                  0
                ]
              },
              {
                "type": "not",
                "predicate": {
                  "type": "any_of",
                  "predicates": [
                    {
                      "type": "minecraft:matching_blocks",
                      "blocks": "minecraft:air",
                      "offset": [
                        1,
                        0,
                        0
                      ]
                    },
                    {
                      "type": "minecraft:matching_blocks",
                      "blocks": "minecraft:air",
                      "offset": [
                        -1,
                        0,
                        0
                      ]
                    },
                    {
                      "type": "minecraft:matching_blocks",
                      "blocks": "minecraft:air",
                      "offset": [
                        0,
                        0,
                        1
                      ]
                    },
                    {
                      "type": "minecraft:matching_blocks",
                      "blocks": "minecraft:air",
                      "offset": [
                        0,
                        0,
                        -1
                      ]
                    }
                  ]
                }
              }
            ]
          }
        }
      ]
    },
    "tries": 40,
    "xz_spread": 7,
    "y_spread": 1
  }
}
