{
    "pools": [
      {
        "rolls": 1,
        "entries": [
          {
            "type": "minecraft:item",
            "name": "minecraft:emerald",
            "functions": [
              {
                "function": "minecraft:set_lore",
                "lore": [
                  {
                    "translate": "REPLACE",
                    "color": "REPLACE",
                    "italic": false
                  }
                ],
                "replace": true
              },
              {
                "function": "minecraft:set_nbt",
                "tag": "{CustomModelData:6900000,odyssey:{item:'kunzite'}}"
              },
              {
                "function": "minecraft:set_name",
                "name": {
                  "translate": "Kunzite",
                  "color": "REPLACE",
                  "italic": false
                }
              }
            ]
          }
        ]
      }
    ]
}