{
	"feature": "odyssey:pantanal/brushes",
	"placement": [
        {
			"type": "count",
			"count": 3
		},
		{
			"type": "minecraft:in_square"
		},
		{
			"type": "heightmap",
			"heightmap": "WORLD_SURFACE_WG"
		},
		{
			"type": "minecraft:block_predicate_filter",
			"predicate": {
				"type": "minecraft:matching_blocks",
				"offset": [
					0,
					-1,
					0
				],
				"blocks": [
					"minecraft:mud",
					"minecraft:muddy_mangrove_roots"
				]
			}
		},
		{
			"type": "minecraft:biome"
		}
	]
}
