{
    "feature": "odyssey:pantanal/ring_moss",
    "placement": [ 
      {
        "type": "minecraft:rarity_filter",
        "chance": 3
      },
      {
        "type": "minecraft:count",
        "count": {
          "type": "uniform",
          "value": {
            "max_inclusive": 10,
            "min_inclusive": 5
          }
        }
      },
      {
        "type": "minecraft:in_square"
      },
      {
        "type": "minecraft:heightmap",
        "heightmap": "WORLD_SURFACE_WG"
      },
      {
        "type": "minecraft:biome"
      }
    ]
  }