{
    "name": "odyssey:template/cyans",
    "fallback": "minecraft:empty",
    "elements": [
        {
            "weight": 3,
            "element": {
                "location": "odyssey:template/corner_cyan",
                "element_type": "minecraft:single_pool_element",
                "projection": "rigid",
                "processors": "minecraft:empty"
            }
        },
        {
            "weight": 1,
            "element": {
                "location": "odyssey:template/corner_closed_cyan",
                "element_type": "minecraft:single_pool_element",
                "projection": "rigid",
                "processors": "minecraft:empty"
            }
        }
    ]
}