{
    "name": "odyssey:template/pinks",
    "fallback": "minecraft:empty",
    "elements": [
        {
            "weight": 3,
            "element": {
                "location": "odyssey:template/t_pink",
                "element_type": "minecraft:single_pool_element",
                "projection": "rigid",
                "processors": "minecraft:empty"
            }
        },
        {
            "weight": 5,
            "element": {
                "location": "odyssey:template/tr_pink",
                "element_type": "minecraft:single_pool_element",
                "projection": "rigid",
                "processors": "minecraft:empty"
            }
        },
        {
            "weight": 5,
            "element": {
                "location": "odyssey:template/tl_pink",
                "element_type": "minecraft:single_pool_element",
                "projection": "rigid",
                "processors": "minecraft:empty"
            }
        },
        {
            "weight": 4,
            "element": {
                "location": "odyssey:template/s_pink",
                "element_type": "minecraft:single_pool_element",
                "projection": "rigid",
                "processors": "minecraft:empty"
            }
        }
    ]
}